*** Name of the repository:  v001.002.002 ***
*** Environment parameters:  {'S0': 10, 'B0': 0.001, 'K': 10, 'T': 0.08333, 'mu': 0.1, 'sigma': 0.2, 'r': 0.0, 'epsilon': 0.005, 'alpha0': 0, 'max_alpha': 5, 'Ndt': 10} ***
*** Algorithm parameters:  {'Ntrajectories': 200, 'Mtransitions': 200, 'Nepochs': 400, 'gamma': 0.99, 'seed': 42, 'Nepochs_V_init': 1500, 'Nepochs_V': 300, 'lr_V': '5e-4', 'batch_V': 200, 'hidden_V': 16, 'layers_V': 4, 'Nepochs_pi': 20, 'lr_pi': '5e-4', 'batch_pi': 200, 'hidden_pi': 16, 'layers_pi': 3} ***
*** Risk measures parameters:  {'method': 'CVaR'} ***
*** Run parameters:  None ***
*** Risk measures:  ['CVaR'] ***
*** alpha_cvar:  [0.2]
03-04 22:42:26: Training starting...
--Estimation of V--
 Epoch = 0,  Loss: 0.027319832
 Epoch = 50,  Loss: 0.022825647
 Epoch = 100,  Loss: 0.018375063
 Epoch = 150,  Loss: 0.016088223
 Epoch = 200,  Loss: 0.018047411
 Epoch = 250,  Loss: 0.016783139
 Epoch = 300,  Loss: 0.014535559
 Epoch = 350,  Loss: 0.012490883
 Epoch = 400,  Loss: 0.0109976195
 Epoch = 450,  Loss: 0.010163934
 Epoch = 500,  Loss: 0.0095697185
 Epoch = 550,  Loss: 0.008765927
 Epoch = 600,  Loss: 0.0074518104
 Epoch = 650,  Loss: 0.005540749
 Epoch = 700,  Loss: 0.0039421422
 Epoch = 750,  Loss: 0.003329328
 Epoch = 800,  Loss: 0.0031281032
 Epoch = 850,  Loss: 0.002941636
 Epoch = 900,  Loss: 0.00275541
 Epoch = 950,  Loss: 0.0025680356
 Epoch = 1000,  Loss: 0.0023768493
 Epoch = 1050,  Loss: 0.0021761686
 Epoch = 1100,  Loss: 0.0019519324
 Epoch = 1150,  Loss: 0.0016729045
 Epoch = 1200,  Loss: 0.0013036011
 Epoch = 1250,  Loss: 0.0010656064
 Epoch = 1300,  Loss: 0.0008527421
 Epoch = 1350,  Loss: 0.0006078912
 Epoch = 1400,  Loss: 0.00051712955
 Epoch = 1450,  Loss: 0.0004589308
 Epoch = 1499,  Loss: 0.00041229022
--Estimation of V--
 Epoch = 0,  Loss: 0.0004114607
 Epoch = 50,  Loss: 0.00037790198
 Epoch = 100,  Loss: 0.00036406092
 Epoch = 150,  Loss: 0.00037812337
 Epoch = 200,  Loss: 0.00043022024
 Epoch = 250,  Loss: 0.00053151196
 Epoch = 299,  Loss: 0.0006866554
--Update of pi--
   Epoch =  0 ,  Loss: 0.20334209501743317
   Epoch =  19 ,  Loss: 0.1966998279094696
*** Epoch =  0 completed, Duration =  60.715 secs ***
--Estimation of V--
 Epoch = 0,  Loss: 0.00069753965
 Epoch = 50,  Loss: 0.008856129
 Epoch = 100,  Loss: 0.019751221
 Epoch = 150,  Loss: 0.015099159
 Epoch = 200,  Loss: 0.007822859
 Epoch = 250,  Loss: 0.0085732145
 Epoch = 299,  Loss: 0.006454891
--Update of pi--
   Epoch =  0 ,  Loss: 0.19759806990623474
   Epoch =  19 ,  Loss: 0.2033451497554779
--Estimation of V--
 Epoch = 0,  Loss: 0.006217557
 Epoch = 50,  Loss: 0.0038102844
 Epoch = 100,  Loss: 0.003885933
 Epoch = 150,  Loss: 0.0028691115
 Epoch = 200,  Loss: 0.0020635035
 Epoch = 250,  Loss: 0.001815849
 Epoch = 299,  Loss: 0.0017414961
--Update of pi--
   Epoch =  0 ,  Loss: 0.2041049748659134
   Epoch =  19 ,  Loss: 0.21172161400318146
--Estimation of V--
 Epoch = 0,  Loss: 0.0017523738
 Epoch = 50,  Loss: 0.008403633
 Epoch = 100,  Loss: 0.014525881
 Epoch = 150,  Loss: 0.010972254
 Epoch = 200,  Loss: 0.007252878
 Epoch = 250,  Loss: 0.0061689485
 Epoch = 299,  Loss: 0.005613023
--Update of pi--
   Epoch =  0 ,  Loss: 0.2088194042444229
   Epoch =  19 ,  Loss: 0.1666518896818161
--Estimation of V--
 Epoch = 0,  Loss: 0.0056058555
 Epoch = 50,  Loss: 0.005757372
 Epoch = 100,  Loss: 0.00581616
 Epoch = 150,  Loss: 0.0054415357
 Epoch = 200,  Loss: 0.0052787554
 Epoch = 250,  Loss: 0.0051489365
 Epoch = 299,  Loss: 0.0050383885
--Update of pi--
   Epoch =  0 ,  Loss: 0.16485901176929474
   Epoch =  19 ,  Loss: 0.13678966462612152
--Estimation of V--
 Epoch = 0,  Loss: 0.0050349897
 Epoch = 50,  Loss: 0.004665268
 Epoch = 100,  Loss: 0.021836894
 Epoch = 150,  Loss: 0.025058258
 Epoch = 200,  Loss: 0.0068677044
 Epoch = 250,  Loss: 0.0021069872
 Epoch = 299,  Loss: 0.0011440595
--Update of pi--
   Epoch =  0 ,  Loss: 0.1369519978761673
   Epoch =  19 ,  Loss: 0.14081987738609314
--Estimation of V--
 Epoch = 0,  Loss: 0.0011412554
 Epoch = 50,  Loss: 0.001783468
 Epoch = 100,  Loss: 0.0020177767
 Epoch = 150,  Loss: 0.0013905927
 Epoch = 200,  Loss: 0.0014045984
 Epoch = 250,  Loss: 0.0016489956
 Epoch = 299,  Loss: 0.0019520414
--Update of pi--
   Epoch =  0 ,  Loss: 0.1398150622844696
   Epoch =  19 ,  Loss: 0.12098574638366699
--Estimation of V--
 Epoch = 0,  Loss: 0.0019697747
 Epoch = 50,  Loss: 0.006119183
 Epoch = 100,  Loss: 0.009767043
 Epoch = 150,  Loss: 0.008397216
 Epoch = 200,  Loss: 0.0068996935
 Epoch = 250,  Loss: 0.0062094964
 Epoch = 299,  Loss: 0.0058173956
--Update of pi--
   Epoch =  0 ,  Loss: 0.11896166205406189
   Epoch =  19 ,  Loss: 0.08091016858816147
--Estimation of V--
 Epoch = 0,  Loss: 0.0058098133
 Epoch = 50,  Loss: 0.0055725914
 Epoch = 100,  Loss: 0.005412904
 Epoch = 150,  Loss: 0.005301836
 Epoch = 200,  Loss: 0.0052447068
 Epoch = 250,  Loss: 0.005188252
 Epoch = 299,  Loss: 0.005131155
--Update of pi--
   Epoch =  0 ,  Loss: 0.08077457547187805
   Epoch =  19 ,  Loss: 0.07764335721731186
--Estimation of V--
 Epoch = 0,  Loss: 0.0051280297
 Epoch = 50,  Loss: 0.004959387
 Epoch = 100,  Loss: 0.0043060957
 Epoch = 150,  Loss: 0.0036325278
 Epoch = 200,  Loss: 0.0048612934
 Epoch = 250,  Loss: 0.0038244105
 Epoch = 299,  Loss: 0.0013249863
--Update of pi--
   Epoch =  0 ,  Loss: 0.07791322469711304
   Epoch =  19 ,  Loss: 0.08358625322580338
--Estimation of V--
 Epoch = 0,  Loss: 0.0013270876
 Epoch = 50,  Loss: 0.0015481177
 Epoch = 100,  Loss: 0.0017935925
 Epoch = 150,  Loss: 0.0016568601
 Epoch = 200,  Loss: 0.001527717
 Epoch = 250,  Loss: 0.0014655546
 Epoch = 299,  Loss: 0.0014680788
--Update of pi--
   Epoch =  0 ,  Loss: 0.08180800080299377
   Epoch =  19 ,  Loss: 0.04832557216286659
--Estimation of V--
 Epoch = 0,  Loss: 0.0014715856
 Epoch = 50,  Loss: 0.0020691387
 Epoch = 100,  Loss: 0.0036653199
 Epoch = 150,  Loss: 0.008518486
 Epoch = 200,  Loss: 0.018125452
 Epoch = 250,  Loss: 0.019292958
 Epoch = 299,  Loss: 0.011650904
--Update of pi--
   Epoch =  0 ,  Loss: 0.047498155385255814
   Epoch =  19 ,  Loss: 0.03173651918768883
--Estimation of V--
 Epoch = 0,  Loss: 0.011261736
 Epoch = 50,  Loss: 0.0076388037
 Epoch = 100,  Loss: 0.0072923223
 Epoch = 150,  Loss: 0.0070612277
 Epoch = 200,  Loss: 0.0069049383
 Epoch = 250,  Loss: 0.006771284
 Epoch = 299,  Loss: 0.0066352827
--Update of pi--
   Epoch =  0 ,  Loss: 0.031653232872486115
   Epoch =  19 ,  Loss: 0.02979065477848053
--Estimation of V--
 Epoch = 0,  Loss: 0.006631496
 Epoch = 50,  Loss: 0.0065368195
 Epoch = 100,  Loss: 0.012490247
 Epoch = 150,  Loss: 0.014338186
 Epoch = 200,  Loss: 0.009054966
 Epoch = 250,  Loss: 0.0075911945
 Epoch = 299,  Loss: 0.0072961166
--Update of pi--
   Epoch =  0 ,  Loss: 0.02974347025156021
   Epoch =  19 ,  Loss: 0.029949134215712547
--Estimation of V--
 Epoch = 0,  Loss: 0.007295685
 Epoch = 50,  Loss: 0.0071970713
 Epoch = 100,  Loss: 0.0070078503
 Epoch = 150,  Loss: 0.0068408274
 Epoch = 200,  Loss: 0.006648109
 Epoch = 250,  Loss: 0.0064019198
 Epoch = 299,  Loss: 0.0060111117
--Update of pi--
   Epoch =  0 ,  Loss: 0.030692093074321747
   Epoch =  19 ,  Loss: 0.0443253368139267
--Estimation of V--
 Epoch = 0,  Loss: 0.0060026213
 Epoch = 50,  Loss: 0.005699785
 Epoch = 100,  Loss: 0.0053563803
 Epoch = 150,  Loss: 0.0034729682
 Epoch = 200,  Loss: 0.001977446
 Epoch = 250,  Loss: 0.0020438544
 Epoch = 299,  Loss: 0.001963417
--Update of pi--
   Epoch =  0 ,  Loss: 0.0442717969417572
   Epoch =  19 ,  Loss: 0.043278444558382034
--Estimation of V--
 Epoch = 0,  Loss: 0.001963357
 Epoch = 50,  Loss: 0.002189546
 Epoch = 100,  Loss: 0.002472072
 Epoch = 150,  Loss: 0.0021507211
 Epoch = 200,  Loss: 0.0016761897
 Epoch = 250,  Loss: 0.0014894526
 Epoch = 299,  Loss: 0.0014571904
--Update of pi--
   Epoch =  0 ,  Loss: 0.04335147514939308
   Epoch =  19 ,  Loss: 0.045505281537771225
--Estimation of V--
 Epoch = 0,  Loss: 0.0014586208
 Epoch = 50,  Loss: 0.0017192523
 Epoch = 100,  Loss: 0.009418186
 Epoch = 150,  Loss: 0.01541259
 Epoch = 200,  Loss: 0.012620824
 Epoch = 250,  Loss: 0.009908026
 Epoch = 299,  Loss: 0.008349138
--Update of pi--
   Epoch =  0 ,  Loss: 0.0455380342900753
   Epoch =  19 ,  Loss: 0.046396199613809586
--Estimation of V--
 Epoch = 0,  Loss: 0.008335964
 Epoch = 50,  Loss: 0.007997273
 Epoch = 100,  Loss: 0.007865711
 Epoch = 150,  Loss: 0.0077756275
 Epoch = 200,  Loss: 0.0076113977
 Epoch = 250,  Loss: 0.0074670464
 Epoch = 299,  Loss: 0.0073248153
--Update of pi--
   Epoch =  0 ,  Loss: 0.04640239104628563
   Epoch =  19 ,  Loss: 0.04602818191051483
--Estimation of V--
 Epoch = 0,  Loss: 0.007319453
 Epoch = 50,  Loss: 0.0070604207
 Epoch = 100,  Loss: 0.0067637814
 Epoch = 150,  Loss: 0.0065085883
 Epoch = 200,  Loss: 0.0062048044
 Epoch = 250,  Loss: 0.0058605117
 Epoch = 299,  Loss: 0.0054865484
--Update of pi--
   Epoch =  0 ,  Loss: 0.045009590685367584
   Epoch =  19 ,  Loss: 0.02619355358183384
--Estimation of V--
 Epoch = 0,  Loss: 0.0054797013
 Epoch = 50,  Loss: 0.0052488428
 Epoch = 100,  Loss: 0.005096547
 Epoch = 150,  Loss: 0.004809117
 Epoch = 200,  Loss: 0.0043998472
 Epoch = 250,  Loss: 0.006642163
 Epoch = 299,  Loss: 0.0073086647
--Update of pi--
   Epoch =  0 ,  Loss: 0.026679132133722305
   Epoch =  19 ,  Loss: 0.03513741120696068
--Estimation of V--
 Epoch = 0,  Loss: 0.007306704
 Epoch = 50,  Loss: 0.0054157316
 Epoch = 100,  Loss: 0.0053454316
 Epoch = 150,  Loss: 0.0053039836
 Epoch = 200,  Loss: 0.0052067894
 Epoch = 250,  Loss: 0.005107683
 Epoch = 299,  Loss: 0.005011555
--Update of pi--
   Epoch =  0 ,  Loss: 0.03492039069533348
   Epoch =  19 ,  Loss: 0.03107357956469059
--Estimation of V--
 Epoch = 0,  Loss: 0.00501007
 Epoch = 50,  Loss: 0.0049360427
 Epoch = 100,  Loss: 0.0048698788
 Epoch = 150,  Loss: 0.0047701215
 Epoch = 200,  Loss: 0.0046483334
 Epoch = 250,  Loss: 0.0045025735
 Epoch = 299,  Loss: 0.004338434
--Update of pi--
   Epoch =  0 ,  Loss: 0.031054258346557617
   Epoch =  19 ,  Loss: 0.031516436487436295
--Estimation of V--
 Epoch = 0,  Loss: 0.004335313
 Epoch = 50,  Loss: 0.0041799378
 Epoch = 100,  Loss: 0.0040439
 Epoch = 150,  Loss: 0.0038980646
 Epoch = 200,  Loss: 0.003739442
 Epoch = 250,  Loss: 0.0035747665
 Epoch = 299,  Loss: 0.0034153813
--Update of pi--
   Epoch =  0 ,  Loss: 0.03171882778406143
   Epoch =  19 ,  Loss: 0.035966355353593826
--Estimation of V--
 Epoch = 0,  Loss: 0.0034147468
 Epoch = 50,  Loss: 0.0034648248
 Epoch = 100,  Loss: 0.0037159107
 Epoch = 150,  Loss: 0.003916688
 Epoch = 200,  Loss: 0.0040322673
 Epoch = 250,  Loss: 0.0040853904
 Epoch = 299,  Loss: 0.004097866
--Update of pi--
   Epoch =  0 ,  Loss: 0.036179907619953156
   Epoch =  19 ,  Loss: 0.040304865688085556
--Estimation of V--
 Epoch = 0,  Loss: 0.004101231
 Epoch = 50,  Loss: 0.004410426
 Epoch = 100,  Loss: 0.0049748556
 Epoch = 150,  Loss: 0.005343061
 Epoch = 200,  Loss: 0.005494767
 Epoch = 250,  Loss: 0.005534208
 Epoch = 299,  Loss: 0.0055145784
--Update of pi--
   Epoch =  0 ,  Loss: 0.03998386487364769
   Epoch =  19 ,  Loss: 0.03474445641040802
--Estimation of V--
 Epoch = 0,  Loss: 0.0055171703
 Epoch = 50,  Loss: 0.005910665
 Epoch = 100,  Loss: 0.006492551
 Epoch = 150,  Loss: 0.0067076767
 Epoch = 200,  Loss: 0.0066072103
 Epoch = 250,  Loss: 0.006325396
 Epoch = 299,  Loss: 0.0060333945
--Update of pi--
   Epoch =  0 ,  Loss: 0.035470910370349884
   Epoch =  19 ,  Loss: 0.0490107499063015
--Estimation of V--
 Epoch = 0,  Loss: 0.0060294904
 Epoch = 50,  Loss: 0.0059634126
 Epoch = 100,  Loss: 0.0058114002
 Epoch = 150,  Loss: 0.005779499
 Epoch = 200,  Loss: 0.0066385283
 Epoch = 250,  Loss: 0.0071820957
 Epoch = 299,  Loss: 0.007080885
--Update of pi--
   Epoch =  0 ,  Loss: 0.049735669046640396
   Epoch =  19 ,  Loss: 0.06287875771522522
--Estimation of V--
 Epoch = 0,  Loss: 0.0070464993
 Epoch = 50,  Loss: 0.008200352
 Epoch = 100,  Loss: 0.01139367
 Epoch = 150,  Loss: 0.009416447
 Epoch = 200,  Loss: 0.0047571105
 Epoch = 250,  Loss: 0.0038028501
 Epoch = 299,  Loss: 0.0032992864
--Update of pi--
   Epoch =  0 ,  Loss: 0.06333060562610626
   Epoch =  19 ,  Loss: 0.07219741493463516
--Estimation of V--
 Epoch = 0,  Loss: 0.0032945694
 Epoch = 50,  Loss: 0.0028415602
 Epoch = 100,  Loss: 0.0025964295
 Epoch = 150,  Loss: 0.0024963752
 Epoch = 200,  Loss: 0.0023404236
 Epoch = 250,  Loss: 0.0022039397
 Epoch = 299,  Loss: 0.0020587235
--Update of pi--
   Epoch =  0 ,  Loss: 0.07256209850311279
   Epoch =  19 ,  Loss: 0.07957366108894348
--Estimation of V--
 Epoch = 0,  Loss: 0.0020556338
 Epoch = 50,  Loss: 0.0018669819
 Epoch = 100,  Loss: 0.0017437742
 Epoch = 150,  Loss: 0.0016912695
 Epoch = 200,  Loss: 0.0016432191
 Epoch = 250,  Loss: 0.0016371639
 Epoch = 299,  Loss: 0.0016311705
--Update of pi--
   Epoch =  0 ,  Loss: 0.0798197016119957
   Epoch =  19 ,  Loss: 0.08455674350261688
--Estimation of V--
 Epoch = 0,  Loss: 0.0016286181
 Epoch = 50,  Loss: 0.0016925137
 Epoch = 100,  Loss: 0.0018332079
 Epoch = 150,  Loss: 0.002048506
 Epoch = 200,  Loss: 0.0021616882
 Epoch = 250,  Loss: 0.0020822699
 Epoch = 299,  Loss: 0.0019162073
--Update of pi--
   Epoch =  0 ,  Loss: 0.08428683876991272
   Epoch =  19 ,  Loss: 0.0791369304060936
--Estimation of V--
 Epoch = 0,  Loss: 0.0019142204
 Epoch = 50,  Loss: 0.002016006
 Epoch = 100,  Loss: 0.0021991744
 Epoch = 150,  Loss: 0.0025625634
 Epoch = 200,  Loss: 0.00306014
 Epoch = 250,  Loss: 0.0028150326
 Epoch = 299,  Loss: 0.0026946098
--Update of pi--
   Epoch =  0 ,  Loss: 0.07873684167861938
   Epoch =  19 ,  Loss: 0.07161178439855576
--Estimation of V--
 Epoch = 0,  Loss: 0.0026952473
 Epoch = 50,  Loss: 0.0030385915
 Epoch = 100,  Loss: 0.0031969615
 Epoch = 150,  Loss: 0.0032463062
 Epoch = 200,  Loss: 0.0026322764
 Epoch = 250,  Loss: 0.0019457756
 Epoch = 299,  Loss: 0.0017177738
--Update of pi--
   Epoch =  0 ,  Loss: 0.07148740440607071
   Epoch =  19 ,  Loss: 0.06891927868127823
--Estimation of V--
 Epoch = 0,  Loss: 0.001708828
 Epoch = 50,  Loss: 0.001518346
 Epoch = 100,  Loss: 0.0013785952
 Epoch = 150,  Loss: 0.0011689374
 Epoch = 200,  Loss: 0.0010555319
 Epoch = 250,  Loss: 0.000985361
 Epoch = 299,  Loss: 0.00091786875
--Update of pi--
   Epoch =  0 ,  Loss: 0.06875601410865784
   Epoch =  19 ,  Loss: 0.06567482650279999
--Estimation of V--
 Epoch = 0,  Loss: 0.0009178109
 Epoch = 50,  Loss: 0.0010033812
 Epoch = 100,  Loss: 0.0010169182
 Epoch = 150,  Loss: 0.0008688463
 Epoch = 200,  Loss: 0.0008086714
 Epoch = 250,  Loss: 0.00075552915
 Epoch = 299,  Loss: 0.00071309076
--Update of pi--
   Epoch =  0 ,  Loss: 0.06554299592971802
   Epoch =  19 ,  Loss: 0.06307444721460342
--Estimation of V--
 Epoch = 0,  Loss: 0.00071243057
 Epoch = 50,  Loss: 0.00068507483
 Epoch = 100,  Loss: 0.0006614718
 Epoch = 150,  Loss: 0.0006319409
 Epoch = 200,  Loss: 0.0006037315
 Epoch = 250,  Loss: 0.0005797448
 Epoch = 299,  Loss: 0.00055677
--Update of pi--
   Epoch =  0 ,  Loss: 0.06302934885025024
   Epoch =  19 ,  Loss: 0.062294766306877136
--Estimation of V--
 Epoch = 0,  Loss: 0.0005564275
 Epoch = 50,  Loss: 0.000545804
 Epoch = 100,  Loss: 0.0005305288
 Epoch = 150,  Loss: 0.00050565036
 Epoch = 200,  Loss: 0.00048784897
 Epoch = 250,  Loss: 0.00047013306
 Epoch = 299,  Loss: 0.00045412558
--Update of pi--
   Epoch =  0 ,  Loss: 0.06227610260248184
   Epoch =  19 ,  Loss: 0.06207335367798805
--Estimation of V--
 Epoch = 0,  Loss: 0.00045420264
 Epoch = 50,  Loss: 0.000478967
 Epoch = 100,  Loss: 0.0004875677
 Epoch = 150,  Loss: 0.00045851796
 Epoch = 200,  Loss: 0.0004479426
 Epoch = 250,  Loss: 0.00042935702
 Epoch = 299,  Loss: 0.00040856088
--Update of pi--
   Epoch =  0 ,  Loss: 0.061919812113046646
   Epoch =  19 ,  Loss: 0.059098415076732635
--Estimation of V--
 Epoch = 0,  Loss: 0.00040877826
 Epoch = 50,  Loss: 0.00044529318
 Epoch = 100,  Loss: 0.0004518543
 Epoch = 150,  Loss: 0.00043827013
 Epoch = 200,  Loss: 0.00053068856
 Epoch = 250,  Loss: 0.0006811183
 Epoch = 299,  Loss: 0.001148178
--Update of pi--
   Epoch =  0 ,  Loss: 0.05898771435022354
   Epoch =  19 ,  Loss: 0.05670587718486786
--Estimation of V--
 Epoch = 0,  Loss: 0.0011486249
 Epoch = 50,  Loss: 0.0055486183
 Epoch = 100,  Loss: 0.009368677
 Epoch = 150,  Loss: 0.008030578
 Epoch = 200,  Loss: 0.0062289573
 Epoch = 250,  Loss: 0.005202135
 Epoch = 299,  Loss: 0.0045676483
--Update of pi--
   Epoch =  0 ,  Loss: 0.05630822479724884
   Epoch =  19 ,  Loss: 0.04850253090262413
--Estimation of V--
 Epoch = 0,  Loss: 0.004556037
 Epoch = 50,  Loss: 0.0037792595
 Epoch = 100,  Loss: 0.002995567
 Epoch = 150,  Loss: 0.0027575216
 Epoch = 200,  Loss: 0.0027445392
 Epoch = 250,  Loss: 0.002569106
 Epoch = 299,  Loss: 0.0023540275
--Update of pi--
   Epoch =  0 ,  Loss: 0.048481158912181854
   Epoch =  19 ,  Loss: 0.04797854274511337
--Estimation of V--
 Epoch = 0,  Loss: 0.0023514254
 Epoch = 50,  Loss: 0.0023753874
 Epoch = 100,  Loss: 0.0025108522
 Epoch = 150,  Loss: 0.002732891
 Epoch = 200,  Loss: 0.0027771578
 Epoch = 250,  Loss: 0.002366732
 Epoch = 299,  Loss: 0.0020781544
--Update of pi--
   Epoch =  0 ,  Loss: 0.04806162044405937
   Epoch =  19 ,  Loss: 0.049623195081949234
--Estimation of V--
 Epoch = 0,  Loss: 0.0020788088
 Epoch = 50,  Loss: 0.0021669553
 Epoch = 100,  Loss: 0.0019705098
 Epoch = 150,  Loss: 0.0016632719
 Epoch = 200,  Loss: 0.0016689291
 Epoch = 250,  Loss: 0.0016492893
 Epoch = 299,  Loss: 0.0017422487
--Update of pi--
   Epoch =  0 ,  Loss: 0.04995068162679672
   Epoch =  19 ,  Loss: 0.05602707713842392
--Estimation of V--
 Epoch = 0,  Loss: 0.0017410148
 Epoch = 50,  Loss: 0.0019071613
 Epoch = 100,  Loss: 0.0022556859
 Epoch = 150,  Loss: 0.0025394026
 Epoch = 200,  Loss: 0.001931041
 Epoch = 250,  Loss: 0.0012502949
 Epoch = 299,  Loss: 0.0015426129
--Update of pi--
   Epoch =  0 ,  Loss: 0.05642762780189514
   Epoch =  19 ,  Loss: 0.0635860413312912
--Estimation of V--
 Epoch = 0,  Loss: 0.0015810251
 Epoch = 50,  Loss: 0.0022590347
 Epoch = 100,  Loss: 0.0017088369
 Epoch = 150,  Loss: 0.00081781455
 Epoch = 200,  Loss: 0.0007137472
 Epoch = 250,  Loss: 0.0006335166
 Epoch = 299,  Loss: 0.00057759706
--Update of pi--
   Epoch =  0 ,  Loss: 0.06402227282524109
   Epoch =  19 ,  Loss: 0.07218340784311295
--Estimation of V--
 Epoch = 0,  Loss: 0.0005805211
 Epoch = 50,  Loss: 0.0008757814
 Epoch = 100,  Loss: 0.0010221447
 Epoch = 150,  Loss: 0.00089280884
 Epoch = 200,  Loss: 0.00097044697
 Epoch = 250,  Loss: 0.001067089
 Epoch = 299,  Loss: 0.0012483641
--Update of pi--
   Epoch =  0 ,  Loss: 0.07233550399541855
   Epoch =  19 ,  Loss: 0.07448380440473557
--Estimation of V--
 Epoch = 0,  Loss: 0.0012642764
 Epoch = 50,  Loss: 0.0027188624
 Epoch = 100,  Loss: 0.0048630517
 Epoch = 150,  Loss: 0.004682852
 Epoch = 200,  Loss: 0.005120976
 Epoch = 250,  Loss: 0.01074805
 Epoch = 299,  Loss: 0.017067706
--Update of pi--
   Epoch =  0 ,  Loss: 0.07503163069486618
   Epoch =  19 ,  Loss: 0.08406442403793335
--Estimation of V--
 Epoch = 0,  Loss: 0.017166464
 Epoch = 50,  Loss: 0.016211724
 Epoch = 100,  Loss: 0.01322106
 Epoch = 150,  Loss: 0.013542091
 Epoch = 200,  Loss: 0.012062838
 Epoch = 250,  Loss: 0.008792717
 Epoch = 299,  Loss: 0.0066902894
--Update of pi--
   Epoch =  0 ,  Loss: 0.0833047404885292
   Epoch =  19 ,  Loss: 0.0693836584687233
--Estimation of V--
 Epoch = 0,  Loss: 0.006667255
 Epoch = 50,  Loss: 0.005850622
 Epoch = 100,  Loss: 0.0050554005
 Epoch = 150,  Loss: 0.00420904
 Epoch = 200,  Loss: 0.0034796237
 Epoch = 250,  Loss: 0.0029391586
 Epoch = 299,  Loss: 0.0025105232
--Update of pi--
   Epoch =  0 ,  Loss: 0.06906706839799881
   Epoch =  19 ,  Loss: 0.061887405812740326
--Estimation of V--
 Epoch = 0,  Loss: 0.0025081646
 Epoch = 50,  Loss: 0.0052031255
 Epoch = 100,  Loss: 0.0073347967
 Epoch = 150,  Loss: 0.0054708407
 Epoch = 200,  Loss: 0.0037330098
 Epoch = 250,  Loss: 0.0056491415
 Epoch = 299,  Loss: 0.006777234
--Update of pi--
   Epoch =  0 ,  Loss: 0.06198618561029434
   Epoch =  19 ,  Loss: 0.06442250311374664
--Estimation of V--
 Epoch = 0,  Loss: 0.0067691677
 Epoch = 50,  Loss: 0.0050981343
 Epoch = 100,  Loss: 0.005995409
 Epoch = 150,  Loss: 0.0071429447
 Epoch = 200,  Loss: 0.005387711
 Epoch = 250,  Loss: 0.0033810213
 Epoch = 299,  Loss: 0.003921652
--Update of pi--
   Epoch =  0 ,  Loss: 0.06466849893331528
   Epoch =  19 ,  Loss: 0.07030222564935684
--Estimation of V--
 Epoch = 0,  Loss: 0.0039283074
 Epoch = 50,  Loss: 0.004346767
 Epoch = 100,  Loss: 0.004208774
 Epoch = 150,  Loss: 0.0046308856
 Epoch = 200,  Loss: 0.004859877
 Epoch = 250,  Loss: 0.005347816
 Epoch = 299,  Loss: 0.0060736607
--Update of pi--
   Epoch =  0 ,  Loss: 0.07065630704164505
   Epoch =  19 ,  Loss: 0.07865529507398605
--Estimation of V--
 Epoch = 0,  Loss: 0.0060893684
 Epoch = 50,  Loss: 0.0060088383
 Epoch = 100,  Loss: 0.0062533445
 Epoch = 150,  Loss: 0.006564994
 Epoch = 200,  Loss: 0.0057847225
 Epoch = 250,  Loss: 0.007161479
 Epoch = 299,  Loss: 0.011708345
--Update of pi--
   Epoch =  0 ,  Loss: 0.07879237830638885
   Epoch =  19 ,  Loss: 0.08091987669467926
--Estimation of V--
 Epoch = 0,  Loss: 0.011988478
 Epoch = 50,  Loss: 0.013317677
 Epoch = 100,  Loss: 0.008901396
 Epoch = 150,  Loss: 0.005999572
 Epoch = 200,  Loss: 0.004816314
 Epoch = 250,  Loss: 0.0046617133
 Epoch = 299,  Loss: 0.0059188064
--Update of pi--
   Epoch =  0 ,  Loss: 0.08149442076683044
   Epoch =  19 ,  Loss: 0.09404260665178299
--Estimation of V--
 Epoch = 0,  Loss: 0.005938856
 Epoch = 50,  Loss: 0.008528149
 Epoch = 100,  Loss: 0.008733727
 Epoch = 150,  Loss: 0.006016052
 Epoch = 200,  Loss: 0.005578292
 Epoch = 250,  Loss: 0.0063460846
 Epoch = 299,  Loss: 0.0072030826
--Update of pi--
   Epoch =  0 ,  Loss: 0.09468866139650345
   Epoch =  19 ,  Loss: 0.10648469626903534
--Estimation of V--
 Epoch = 0,  Loss: 0.0072205085
 Epoch = 50,  Loss: 0.01094046
 Epoch = 100,  Loss: 0.010519835
 Epoch = 150,  Loss: 0.007048349
 Epoch = 200,  Loss: 0.0064757834
 Epoch = 250,  Loss: 0.007821592
 Epoch = 299,  Loss: 0.009169662
--Update of pi--
   Epoch =  0 ,  Loss: 0.10718536376953125
   Epoch =  19 ,  Loss: 0.11920319497585297
--Estimation of V--
 Epoch = 0,  Loss: 0.009321893
 Epoch = 50,  Loss: 0.015901266
 Epoch = 100,  Loss: 0.0145628145
 Epoch = 150,  Loss: 0.005061757
 Epoch = 200,  Loss: 0.003632845
 Epoch = 250,  Loss: 0.0027339563
 Epoch = 299,  Loss: 0.002198582
--Update of pi--
   Epoch =  0 ,  Loss: 0.11836344003677368
   Epoch =  19 ,  Loss: 0.10254297405481339
--Estimation of V--
 Epoch = 0,  Loss: 0.0021911869
 Epoch = 50,  Loss: 0.0024713397
 Epoch = 100,  Loss: 0.0038142013
 Epoch = 150,  Loss: 0.004498129
 Epoch = 200,  Loss: 0.0042241393
 Epoch = 250,  Loss: 0.0041272454
 Epoch = 299,  Loss: 0.004160076
--Update of pi--
   Epoch =  0 ,  Loss: 0.10307449102401733
   Epoch =  19 ,  Loss: 0.11308147758245468
--Estimation of V--
 Epoch = 0,  Loss: 0.0041662124
 Epoch = 50,  Loss: 0.005590786
 Epoch = 100,  Loss: 0.006503408
 Epoch = 150,  Loss: 0.0058114193
 Epoch = 200,  Loss: 0.0055430494
 Epoch = 250,  Loss: 0.005539081
 Epoch = 299,  Loss: 0.0056352746
--Update of pi--
   Epoch =  0 ,  Loss: 0.11284118890762329
   Epoch =  19 ,  Loss: 0.1084606945514679
--Estimation of V--
 Epoch = 0,  Loss: 0.005637114
 Epoch = 50,  Loss: 0.0057002115
 Epoch = 100,  Loss: 0.0056916643
 Epoch = 150,  Loss: 0.005647084
 Epoch = 200,  Loss: 0.005589543
 Epoch = 250,  Loss: 0.0055519575
 Epoch = 299,  Loss: 0.0055777603
--Update of pi--
   Epoch =  0 ,  Loss: 0.10819970816373825
   Epoch =  19 ,  Loss: 0.10333247482776642
--Estimation of V--
 Epoch = 0,  Loss: 0.0055794483
 Epoch = 50,  Loss: 0.005933998
 Epoch = 100,  Loss: 0.005098812
 Epoch = 150,  Loss: 0.0038839343
 Epoch = 200,  Loss: 0.0039013186
 Epoch = 250,  Loss: 0.0040387865
 Epoch = 299,  Loss: 0.004205627
--Update of pi--
   Epoch =  0 ,  Loss: 0.10282859951257706
   Epoch =  19 ,  Loss: 0.09422262012958527
--Estimation of V--
 Epoch = 0,  Loss: 0.0042104106
 Epoch = 50,  Loss: 0.004696424
 Epoch = 100,  Loss: 0.004376986
 Epoch = 150,  Loss: 0.011569674
 Epoch = 200,  Loss: 0.044261303
 Epoch = 250,  Loss: 0.04055207
 Epoch = 299,  Loss: 0.009371785
--Update of pi--
   Epoch =  0 ,  Loss: 0.09425244480371475
   Epoch =  19 ,  Loss: 0.09279073774814606
--Estimation of V--
 Epoch = 0,  Loss: 0.009280884
 Epoch = 50,  Loss: 0.008076267
 Epoch = 100,  Loss: 0.007881688
 Epoch = 150,  Loss: 0.005149085
 Epoch = 200,  Loss: 0.003627051
 Epoch = 250,  Loss: 0.005768505
 Epoch = 299,  Loss: 0.06336328
--Update of pi--
   Epoch =  0 ,  Loss: 0.09407802671194077
   Epoch =  19 ,  Loss: 0.11850933730602264
--Estimation of V--
 Epoch = 0,  Loss: 0.06653534
 Epoch = 50,  Loss: 0.11213619
 Epoch = 100,  Loss: 0.07692996
 Epoch = 150,  Loss: 0.03066424
 Epoch = 200,  Loss: 0.0063047465
 Epoch = 250,  Loss: 0.005707155
 Epoch = 299,  Loss: 0.0058363806
--Update of pi--
   Epoch =  0 ,  Loss: 0.11836616694927216
   Epoch =  19 ,  Loss: 0.11548168212175369
--Estimation of V--
 Epoch = 0,  Loss: 0.0058411043
 Epoch = 50,  Loss: 0.005841009
 Epoch = 100,  Loss: 0.0049091466
 Epoch = 150,  Loss: 0.0041564694
 Epoch = 200,  Loss: 0.004356115
 Epoch = 250,  Loss: 0.0039611473
 Epoch = 299,  Loss: 0.003559665
--Update of pi--
   Epoch =  0 ,  Loss: 0.1149987056851387
   Epoch =  19 ,  Loss: 0.10425511002540588
--Estimation of V--
 Epoch = 0,  Loss: 0.003564758
 Epoch = 50,  Loss: 0.0054245084
 Epoch = 100,  Loss: 0.0218396
 Epoch = 150,  Loss: 0.030646443
 Epoch = 200,  Loss: 0.02061
 Epoch = 250,  Loss: 0.016886964
 Epoch = 299,  Loss: 0.018085
--Update of pi--
   Epoch =  0 ,  Loss: 0.10584083199501038
   Epoch =  19 ,  Loss: 0.13417205214500427
--Estimation of V--
 Epoch = 0,  Loss: 0.01813937
 Epoch = 50,  Loss: 0.032668043
 Epoch = 100,  Loss: 0.030102892
 Epoch = 150,  Loss: 0.010702257
 Epoch = 200,  Loss: 0.0066559045
 Epoch = 250,  Loss: 0.005166276
 Epoch = 299,  Loss: 0.004620526
--Update of pi--
   Epoch =  0 ,  Loss: 0.13391193747520447
   Epoch =  19 ,  Loss: 0.13134530186653137
--Estimation of V--
 Epoch = 0,  Loss: 0.0046134517
 Epoch = 50,  Loss: 0.004494449
 Epoch = 100,  Loss: 0.0043041594
 Epoch = 150,  Loss: 0.0039937682
 Epoch = 200,  Loss: 0.0038821935
 Epoch = 250,  Loss: 0.0037700715
 Epoch = 299,  Loss: 0.0036344388
--Update of pi--
   Epoch =  0 ,  Loss: 0.1297236680984497
   Epoch =  19 ,  Loss: 0.09819778800010681
--Estimation of V--
 Epoch = 0,  Loss: 0.0036335243
 Epoch = 50,  Loss: 0.00383229
 Epoch = 100,  Loss: 0.009948982
 Epoch = 150,  Loss: 0.021271741
 Epoch = 200,  Loss: 0.17718512
 Epoch = 250,  Loss: 0.22087117
 Epoch = 299,  Loss: 0.065358065
--Update of pi--
   Epoch =  0 ,  Loss: 0.09802739322185516
   Epoch =  19 ,  Loss: 0.092709980905056
--Estimation of V--
 Epoch = 0,  Loss: 0.061822485
 Epoch = 50,  Loss: 0.01138914
 Epoch = 100,  Loss: 0.010491678
 Epoch = 150,  Loss: 0.007047787
 Epoch = 200,  Loss: 0.005773823
 Epoch = 250,  Loss: 0.0047908067
 Epoch = 299,  Loss: 0.00440746
--Update of pi--
   Epoch =  0 ,  Loss: 0.09244104474782944
   Epoch =  19 ,  Loss: 0.0888899639248848
--Estimation of V--
 Epoch = 0,  Loss: 0.004403991
 Epoch = 50,  Loss: 0.0039477246
 Epoch = 100,  Loss: 0.004534237
 Epoch = 150,  Loss: 0.01168817
 Epoch = 200,  Loss: 0.024243483
 Epoch = 250,  Loss: 0.02477995
 Epoch = 299,  Loss: 0.0136372475
--Update of pi--
   Epoch =  0 ,  Loss: 0.08723382651805878
   Epoch =  19 ,  Loss: 0.05437761917710304
--Estimation of V--
 Epoch = 0,  Loss: 0.01344383
 Epoch = 50,  Loss: 0.016405156
 Epoch = 100,  Loss: 0.017540926
 Epoch = 150,  Loss: 0.0080052195
 Epoch = 200,  Loss: 0.0052815974
 Epoch = 250,  Loss: 0.0048372378
 Epoch = 299,  Loss: 0.0046896497
--Update of pi--
   Epoch =  0 ,  Loss: 0.054343272000551224
   Epoch =  19 ,  Loss: 0.05355316027998924
--Estimation of V--
 Epoch = 0,  Loss: 0.0046854345
 Epoch = 50,  Loss: 0.004540629
 Epoch = 100,  Loss: 0.004120577
 Epoch = 150,  Loss: 0.0035136715
 Epoch = 200,  Loss: 0.00321637
 Epoch = 250,  Loss: 0.003057812
 Epoch = 299,  Loss: 0.0030102376
--Update of pi--
   Epoch =  0 ,  Loss: 0.05361776798963547
   Epoch =  19 ,  Loss: 0.05414188280701637
--Estimation of V--
 Epoch = 0,  Loss: 0.0030128092
 Epoch = 50,  Loss: 0.003843501
 Epoch = 100,  Loss: 0.0036856716
 Epoch = 150,  Loss: 0.013497865
 Epoch = 200,  Loss: 0.038598347
 Epoch = 250,  Loss: 0.03432125
 Epoch = 299,  Loss: 0.015433866
--Update of pi--
   Epoch =  0 ,  Loss: 0.05584155023097992
   Epoch =  19 ,  Loss: 0.089393749833107
--Estimation of V--
 Epoch = 0,  Loss: 0.015828736
 Epoch = 50,  Loss: 0.02217698
 Epoch = 100,  Loss: 0.022858892
 Epoch = 150,  Loss: 0.012523387
 Epoch = 200,  Loss: 0.0072011715
 Epoch = 250,  Loss: 0.0062017385
 Epoch = 299,  Loss: 0.00538952
--Update of pi--
   Epoch =  0 ,  Loss: 0.08923949301242828
   Epoch =  19 ,  Loss: 0.08688201755285263
--Estimation of V--
 Epoch = 0,  Loss: 0.0053737434
 Epoch = 50,  Loss: 0.0046274723
 Epoch = 100,  Loss: 0.0040502185
 Epoch = 150,  Loss: 0.0037663518
 Epoch = 200,  Loss: 0.0036391404
 Epoch = 250,  Loss: 0.0034689924
 Epoch = 299,  Loss: 0.0031931968
--Update of pi--
   Epoch =  0 ,  Loss: 0.08616597205400467
   Epoch =  19 ,  Loss: 0.07544536888599396
--Estimation of V--
 Epoch = 0,  Loss: 0.003185609
 Epoch = 50,  Loss: 0.003890979
 Epoch = 100,  Loss: 0.0074836053
 Epoch = 150,  Loss: 0.009766561
 Epoch = 200,  Loss: 0.021246288
 Epoch = 250,  Loss: 0.03141987
 Epoch = 299,  Loss: 0.017022694
--Update of pi--
   Epoch =  0 ,  Loss: 0.07587511092424393
   Epoch =  19 ,  Loss: 0.08365589380264282
--Estimation of V--
 Epoch = 0,  Loss: 0.016788168
 Epoch = 50,  Loss: 0.0038672881
 Epoch = 100,  Loss: 0.005355975
 Epoch = 150,  Loss: 0.006844502
 Epoch = 200,  Loss: 0.005534142
 Epoch = 250,  Loss: 0.003932166
 Epoch = 299,  Loss: 0.0036674715
--Update of pi--
   Epoch =  0 ,  Loss: 0.083712637424469
   Epoch =  19 ,  Loss: 0.08500631153583527
--Estimation of V--
 Epoch = 0,  Loss: 0.0036669495
 Epoch = 50,  Loss: 0.0040675635
 Epoch = 100,  Loss: 0.0048088757
 Epoch = 150,  Loss: 0.0059558623
 Epoch = 200,  Loss: 0.0070832535
 Epoch = 250,  Loss: 0.0054454417
 Epoch = 299,  Loss: 0.0035801001
--Update of pi--
   Epoch =  0 ,  Loss: 0.08317860960960388
   Epoch =  19 ,  Loss: 0.04775824397802353
--Estimation of V--
 Epoch = 0,  Loss: 0.0035811672
 Epoch = 50,  Loss: 0.0048807226
 Epoch = 100,  Loss: 0.006162351
 Epoch = 150,  Loss: 0.006769098
 Epoch = 200,  Loss: 0.0051787156
 Epoch = 250,  Loss: 0.0031870613
 Epoch = 299,  Loss: 0.0033099854
--Update of pi--
   Epoch =  0 ,  Loss: 0.04789287969470024
   Epoch =  19 ,  Loss: 0.050261564552783966
--Estimation of V--
 Epoch = 0,  Loss: 0.003291241
 Epoch = 50,  Loss: 0.0026697956
 Epoch = 100,  Loss: 0.0022104273
 Epoch = 150,  Loss: 0.0018295703
 Epoch = 200,  Loss: 0.0011140737
 Epoch = 250,  Loss: 0.0014973368
 Epoch = 299,  Loss: 0.002395996
--Update of pi--
   Epoch =  0 ,  Loss: 0.05027902498841286
   Epoch =  19 ,  Loss: 0.051183637231588364
--Estimation of V--
 Epoch = 0,  Loss: 0.0024113273
 Epoch = 50,  Loss: 0.0027779678
 Epoch = 100,  Loss: 0.018680863
 Epoch = 150,  Loss: 0.026273532
 Epoch = 200,  Loss: 0.014046193
 Epoch = 250,  Loss: 0.009170325
 Epoch = 299,  Loss: 0.007577
--Update of pi--
   Epoch =  0 ,  Loss: 0.05044366419315338
   Epoch =  19 ,  Loss: 0.03620396926999092
--Estimation of V--
 Epoch = 0,  Loss: 0.00755297
 Epoch = 50,  Loss: 0.006547706
 Epoch = 100,  Loss: 0.0057159513
 Epoch = 150,  Loss: 0.005082841
 Epoch = 200,  Loss: 0.004850296
 Epoch = 250,  Loss: 0.004725099
 Epoch = 299,  Loss: 0.0046287803
--Update of pi--
   Epoch =  0 ,  Loss: 0.035795025527477264
   Epoch =  19 ,  Loss: 0.02916405349969864
--Estimation of V--
 Epoch = 0,  Loss: 0.004627275
 Epoch = 50,  Loss: 0.0046913
 Epoch = 100,  Loss: 0.004585104
 Epoch = 150,  Loss: 0.0043060943
 Epoch = 200,  Loss: 0.00419171
 Epoch = 250,  Loss: 0.004083233
 Epoch = 299,  Loss: 0.0039601224
--Update of pi--
   Epoch =  0 ,  Loss: 0.02888655476272106
   Epoch =  19 ,  Loss: 0.024486055597662926
--Estimation of V--
 Epoch = 0,  Loss: 0.0039583864
 Epoch = 50,  Loss: 0.00488523
 Epoch = 100,  Loss: 0.07452415
 Epoch = 150,  Loss: 0.10994801
 Epoch = 200,  Loss: 0.041253842
 Epoch = 250,  Loss: 0.0047083893
 Epoch = 299,  Loss: 0.003654677
--Update of pi--
   Epoch =  0 ,  Loss: 0.02453949861228466
   Epoch =  19 ,  Loss: 0.023780329152941704
--Estimation of V--
 Epoch = 0,  Loss: 0.0036604004
 Epoch = 50,  Loss: 0.0056234207
 Epoch = 100,  Loss: 0.006145412
 Epoch = 150,  Loss: 0.004278208
 Epoch = 200,  Loss: 0.003664994
 Epoch = 250,  Loss: 0.0034442248
 Epoch = 299,  Loss: 0.0033839773
--Update of pi--
   Epoch =  0 ,  Loss: 0.023611968383193016
   Epoch =  19 ,  Loss: 0.02044476568698883
--Estimation of V--
 Epoch = 0,  Loss: 0.0033838572
 Epoch = 50,  Loss: 0.0034430856
 Epoch = 100,  Loss: 0.00369679
 Epoch = 150,  Loss: 0.0041627036
 Epoch = 200,  Loss: 0.004689482
 Epoch = 250,  Loss: 0.0050502284
 Epoch = 299,  Loss: 0.005123447
--Update of pi--
   Epoch =  0 ,  Loss: 0.02071790024638176
   Epoch =  19 ,  Loss: 0.024388890713453293
--Estimation of V--
 Epoch = 0,  Loss: 0.0051215766
 Epoch = 50,  Loss: 0.006159616
 Epoch = 100,  Loss: 0.0055329124
 Epoch = 150,  Loss: 0.0034322597
 Epoch = 200,  Loss: 0.004234659
 Epoch = 250,  Loss: 0.009737122
 Epoch = 299,  Loss: 0.012390831
--Update of pi--
   Epoch =  0 ,  Loss: 0.025235211476683617
   Epoch =  19 ,  Loss: 0.041586436331272125
--Estimation of V--
 Epoch = 0,  Loss: 0.012432828
 Epoch = 50,  Loss: 0.012497276
 Epoch = 100,  Loss: 0.009541907
 Epoch = 150,  Loss: 0.0044250237
 Epoch = 200,  Loss: 0.004250594
 Epoch = 250,  Loss: 0.0049631535
 Epoch = 299,  Loss: 0.005665191
--Update of pi--
   Epoch =  0 ,  Loss: 0.041710224002599716
   Epoch =  19 ,  Loss: 0.04479788616299629
--Estimation of V--
 Epoch = 0,  Loss: 0.0056747524
 Epoch = 50,  Loss: 0.005336563
 Epoch = 100,  Loss: 0.0045507704
 Epoch = 150,  Loss: 0.0042989557
 Epoch = 200,  Loss: 0.004142588
 Epoch = 250,  Loss: 0.0040705637
 Epoch = 299,  Loss: 0.0039989795
--Update of pi--
   Epoch =  0 ,  Loss: 0.044649723917245865
   Epoch =  19 ,  Loss: 0.04196987673640251
--Estimation of V--
 Epoch = 0,  Loss: 0.0040004086
 Epoch = 50,  Loss: 0.0046406467
 Epoch = 100,  Loss: 0.004524048
 Epoch = 150,  Loss: 0.0036612165
 Epoch = 200,  Loss: 0.008971931
 Epoch = 250,  Loss: 0.012053622
 Epoch = 299,  Loss: 0.007360582
--Update of pi--
   Epoch =  0 ,  Loss: 0.04360933601856232
   Epoch =  19 ,  Loss: 0.07424330711364746
--Estimation of V--
 Epoch = 0,  Loss: 0.0072571994
 Epoch = 50,  Loss: 0.003993095
 Epoch = 100,  Loss: 0.0025540828
 Epoch = 150,  Loss: 0.001539075
 Epoch = 200,  Loss: 0.0015428701
 Epoch = 250,  Loss: 0.02177564
 Epoch = 299,  Loss: 0.039589472
--Update of pi--
   Epoch =  0 ,  Loss: 0.07424349337816238
   Epoch =  19 ,  Loss: 0.07634291797876358
--Estimation of V--
 Epoch = 0,  Loss: 0.039595447
 Epoch = 50,  Loss: 0.024201281
 Epoch = 100,  Loss: 0.01436079
 Epoch = 150,  Loss: 0.01844291
 Epoch = 200,  Loss: 0.016981758
 Epoch = 250,  Loss: 0.011773398
 Epoch = 299,  Loss: 0.006622002
--Update of pi--
   Epoch =  0 ,  Loss: 0.077431321144104
   Epoch =  19 ,  Loss: 0.0976366251707077
--Estimation of V--
 Epoch = 0,  Loss: 0.0065456433
 Epoch = 50,  Loss: 0.0036679003
 Epoch = 100,  Loss: 0.0030723577
 Epoch = 150,  Loss: 0.014308658
 Epoch = 200,  Loss: 0.02322352
 Epoch = 250,  Loss: 0.014224383
 Epoch = 299,  Loss: 0.0063097887
--Update of pi--
   Epoch =  0 ,  Loss: 0.09746897965669632
   Epoch =  19 ,  Loss: 0.09415669739246368
--Estimation of V--
 Epoch = 0,  Loss: 0.0062475963
 Epoch = 50,  Loss: 0.0045998464
 Epoch = 100,  Loss: 0.004293286
 Epoch = 150,  Loss: 0.004605986
 Epoch = 200,  Loss: 0.00458319
 Epoch = 250,  Loss: 0.0044325343
 Epoch = 299,  Loss: 0.0043151597
--Update of pi--
   Epoch =  0 ,  Loss: 0.09468694031238556
   Epoch =  19 ,  Loss: 0.105039082467556
--Estimation of V--
 Epoch = 0,  Loss: 0.0043199477
 Epoch = 50,  Loss: 0.0049356306
 Epoch = 100,  Loss: 0.0047993036
 Epoch = 150,  Loss: 0.0036183712
 Epoch = 200,  Loss: 0.003573528
 Epoch = 250,  Loss: 0.01950383
 Epoch = 299,  Loss: 0.025977144
--Update of pi--
   Epoch =  0 ,  Loss: 0.10456293076276779
   Epoch =  19 ,  Loss: 0.0958217978477478
--Estimation of V--
 Epoch = 0,  Loss: 0.025972275
 Epoch = 50,  Loss: 0.012361441
 Epoch = 100,  Loss: 0.0062058824
 Epoch = 150,  Loss: 0.0041505997
 Epoch = 200,  Loss: 0.0036619892
 Epoch = 250,  Loss: 0.0035642672
 Epoch = 299,  Loss: 0.0036105767
--Update of pi--
   Epoch =  0 ,  Loss: 0.0955745279788971
   Epoch =  19 ,  Loss: 0.09089719504117966
--Estimation of V--
 Epoch = 0,  Loss: 0.0036125951
 Epoch = 50,  Loss: 0.0038097498
 Epoch = 100,  Loss: 0.0041035195
 Epoch = 150,  Loss: 0.004282986
 Epoch = 200,  Loss: 0.004310908
 Epoch = 250,  Loss: 0.004320155
 Epoch = 299,  Loss: 0.0043484713
--Update of pi--
   Epoch =  0 ,  Loss: 0.08940529823303223
   Epoch =  19 ,  Loss: 0.059659309685230255
--Estimation of V--
 Epoch = 0,  Loss: 0.004354684
 Epoch = 50,  Loss: 0.00481894
 Epoch = 100,  Loss: 0.008599944
 Epoch = 150,  Loss: 0.01306138
 Epoch = 200,  Loss: 0.011733531
 Epoch = 250,  Loss: 0.007450016
 Epoch = 299,  Loss: 0.0049577765
--Update of pi--
   Epoch =  0 ,  Loss: 0.06052199751138687
   Epoch =  19 ,  Loss: 0.07655496150255203
--Estimation of V--
 Epoch = 0,  Loss: 0.0049288077
 Epoch = 50,  Loss: 0.004476281
 Epoch = 100,  Loss: 0.003912873
 Epoch = 150,  Loss: 0.0030451478
 Epoch = 200,  Loss: 0.0029469219
 Epoch = 250,  Loss: 0.0028758245
 Epoch = 299,  Loss: 0.0028110563
--Update of pi--
   Epoch =  0 ,  Loss: 0.07635706663131714
   Epoch =  19 ,  Loss: 0.07130280882120132
--Estimation of V--
 Epoch = 0,  Loss: 0.0028181765
 Epoch = 50,  Loss: 0.005103369
 Epoch = 100,  Loss: 0.006858033
 Epoch = 150,  Loss: 0.0060169757
 Epoch = 200,  Loss: 0.005466117
 Epoch = 250,  Loss: 0.004948125
 Epoch = 299,  Loss: 0.004546397
--Update of pi--
   Epoch =  0 ,  Loss: 0.07051078975200653
   Epoch =  19 ,  Loss: 0.05568251758813858
--Estimation of V--
 Epoch = 0,  Loss: 0.004540919
 Epoch = 50,  Loss: 0.004406042
 Epoch = 100,  Loss: 0.0043726154
 Epoch = 150,  Loss: 0.0043835486
 Epoch = 200,  Loss: 0.004449698
 Epoch = 250,  Loss: 0.004496935
 Epoch = 299,  Loss: 0.0045921262
--Update of pi--
   Epoch =  0 ,  Loss: 0.05664222314953804
   Epoch =  19 ,  Loss: 0.07257027179002762
--Estimation of V--
 Epoch = 0,  Loss: 0.0046055587
 Epoch = 50,  Loss: 0.005569564
 Epoch = 100,  Loss: 0.005994179
 Epoch = 150,  Loss: 0.004947063
 Epoch = 200,  Loss: 0.0040332107
 Epoch = 250,  Loss: 0.017319141
 Epoch = 299,  Loss: 0.03186933
--Update of pi--
   Epoch =  0 ,  Loss: 0.07271897047758102
   Epoch =  19 ,  Loss: 0.07451940327882767
--Estimation of V--
 Epoch = 0,  Loss: 0.032214686
 Epoch = 50,  Loss: 0.024552118
 Epoch = 100,  Loss: 0.010624219
 Epoch = 150,  Loss: 0.009531027
 Epoch = 200,  Loss: 0.011787226
 Epoch = 250,  Loss: 0.007303875
 Epoch = 299,  Loss: 0.0046086614
--Update of pi--
   Epoch =  0 ,  Loss: 0.0739080160856247
   Epoch =  19 ,  Loss: 0.06274327635765076
--Estimation of V--
 Epoch = 0,  Loss: 0.004609765
 Epoch = 50,  Loss: 0.0049483133
 Epoch = 100,  Loss: 0.0045842524
 Epoch = 150,  Loss: 0.0038585174
 Epoch = 200,  Loss: 0.0036004758
 Epoch = 250,  Loss: 0.003453158
 Epoch = 299,  Loss: 0.0033759284
--Update of pi--
   Epoch =  0 ,  Loss: 0.06273066252470016
   Epoch =  19 ,  Loss: 0.06224163621664047
--Estimation of V--
 Epoch = 0,  Loss: 0.0033856868
 Epoch = 50,  Loss: 0.00550746
 Epoch = 100,  Loss: 0.006006648
 Epoch = 150,  Loss: 0.0046159266
 Epoch = 200,  Loss: 0.004940974
 Epoch = 250,  Loss: 0.0057330756
 Epoch = 299,  Loss: 0.00814048
--Update of pi--
   Epoch =  0 ,  Loss: 0.06392062455415726
   Epoch =  19 ,  Loss: 0.09582454711198807
--Estimation of V--
 Epoch = 0,  Loss: 0.008186329
 Epoch = 50,  Loss: 0.008236922
 Epoch = 100,  Loss: 0.017313486
 Epoch = 150,  Loss: 0.032392446
 Epoch = 200,  Loss: 0.022411985
 Epoch = 250,  Loss: 0.0063913236
 Epoch = 299,  Loss: 0.004403568
--Update of pi--
   Epoch =  0 ,  Loss: 0.09483515471220016
   Epoch =  19 ,  Loss: 0.07824299484491348
--Estimation of V--
 Epoch = 0,  Loss: 0.004390449
 Epoch = 50,  Loss: 0.0040184553
 Epoch = 100,  Loss: 0.0038173508
 Epoch = 150,  Loss: 0.0036655203
 Epoch = 200,  Loss: 0.0035927666
 Epoch = 250,  Loss: 0.0035598807
 Epoch = 299,  Loss: 0.0035431674
--Update of pi--
   Epoch =  0 ,  Loss: 0.07778234779834747
   Epoch =  19 ,  Loss: 0.07058065384626389
--Estimation of V--
 Epoch = 0,  Loss: 0.0035451183
 Epoch = 50,  Loss: 0.0040326715
 Epoch = 100,  Loss: 0.003954735
 Epoch = 150,  Loss: 0.0033549308
 Epoch = 200,  Loss: 0.003283059
 Epoch = 250,  Loss: 0.0031927796
 Epoch = 299,  Loss: 0.0031015826
--Update of pi--
   Epoch =  0 ,  Loss: 0.07041949778795242
   Epoch =  19 ,  Loss: 0.06766153872013092
--Estimation of V--
 Epoch = 0,  Loss: 0.0030997822
 Epoch = 50,  Loss: 0.0030167666
 Epoch = 100,  Loss: 0.0030090811
 Epoch = 150,  Loss: 0.0040775747
 Epoch = 200,  Loss: 0.007426971
 Epoch = 250,  Loss: 0.008278467
 Epoch = 299,  Loss: 0.0052183354
--Update of pi--
   Epoch =  0 ,  Loss: 0.0675542801618576
   Epoch =  19 ,  Loss: 0.06792137771844864
--Estimation of V--
 Epoch = 0,  Loss: 0.0051484965
 Epoch = 50,  Loss: 0.0034542666
 Epoch = 100,  Loss: 0.0049513914
 Epoch = 150,  Loss: 0.005604947
 Epoch = 200,  Loss: 0.0041806484
 Epoch = 250,  Loss: 0.0034052418
 Epoch = 299,  Loss: 0.0030438013
--Update of pi--
   Epoch =  0 ,  Loss: 0.06631606817245483
   Epoch =  19 ,  Loss: 0.03564297780394554
--Estimation of V--
 Epoch = 0,  Loss: 0.0030385242
 Epoch = 50,  Loss: 0.00280276
 Epoch = 100,  Loss: 0.0025581224
 Epoch = 150,  Loss: 0.0025793226
 Epoch = 200,  Loss: 0.012173495
 Epoch = 250,  Loss: 0.023702385
 Epoch = 299,  Loss: 0.016613388
--Update of pi--
   Epoch =  0 ,  Loss: 0.03648701310157776
   Epoch =  19 ,  Loss: 0.05225156620144844
--Estimation of V--
 Epoch = 0,  Loss: 0.016201507
 Epoch = 50,  Loss: 0.0049960045
 Epoch = 100,  Loss: 0.0040163277
 Epoch = 150,  Loss: 0.0070945066
 Epoch = 200,  Loss: 0.007431699
 Epoch = 250,  Loss: 0.004550142
 Epoch = 299,  Loss: 0.0034818447
--Update of pi--
   Epoch =  0 ,  Loss: 0.05287700146436691
   Epoch =  19 ,  Loss: 0.0660906434059143
--Estimation of V--
 Epoch = 0,  Loss: 0.0034690402
 Epoch = 50,  Loss: 0.002915532
 Epoch = 100,  Loss: 0.0024997685
 Epoch = 150,  Loss: 0.0039684195
 Epoch = 200,  Loss: 0.017544545
 Epoch = 250,  Loss: 0.026623942
 Epoch = 299,  Loss: 0.016253874
--Update of pi--
   Epoch =  0 ,  Loss: 0.06683629751205444
   Epoch =  19 ,  Loss: 0.08069562166929245
--Estimation of V--
 Epoch = 0,  Loss: 0.015934203
 Epoch = 50,  Loss: 0.006265393
 Epoch = 100,  Loss: 0.003701675
 Epoch = 150,  Loss: 0.0038709296
 Epoch = 200,  Loss: 0.0060967915
 Epoch = 250,  Loss: 0.005932414
 Epoch = 299,  Loss: 0.003985771
--Update of pi--
   Epoch =  0 ,  Loss: 0.08111616224050522
   Epoch =  19 ,  Loss: 0.08941112458705902
--Estimation of V--
 Epoch = 0,  Loss: 0.0039623366
 Epoch = 50,  Loss: 0.003190918
 Epoch = 100,  Loss: 0.0026664939
 Epoch = 150,  Loss: 0.0036254579
 Epoch = 200,  Loss: 0.014621046
 Epoch = 250,  Loss: 0.026370523
 Epoch = 299,  Loss: 0.020538801
--Update of pi--
   Epoch =  0 ,  Loss: 0.08988218009471893
   Epoch =  19 ,  Loss: 0.09876374155282974
--Estimation of V--
 Epoch = 0,  Loss: 0.02032053
 Epoch = 50,  Loss: 0.0090794135
 Epoch = 100,  Loss: 0.004759868
 Epoch = 150,  Loss: 0.0032828592
 Epoch = 200,  Loss: 0.0045576533
 Epoch = 250,  Loss: 0.0058512986
 Epoch = 299,  Loss: 0.0047372393
--Update of pi--
   Epoch =  0 ,  Loss: 0.09868752211332321
   Epoch =  19 ,  Loss: 0.09731844812631607
--Estimation of V--
 Epoch = 0,  Loss: 0.004700699
 Epoch = 50,  Loss: 0.0036416366
 Epoch = 100,  Loss: 0.003021702
 Epoch = 150,  Loss: 0.0026757529
 Epoch = 200,  Loss: 0.0053796456
 Epoch = 250,  Loss: 0.017366173
 Epoch = 299,  Loss: 0.025605509
--Update of pi--
   Epoch =  0 ,  Loss: 0.09812729805707932
   Epoch =  19 ,  Loss: 0.11342661082744598
--Estimation of V--
 Epoch = 0,  Loss: 0.025608558
 Epoch = 50,  Loss: 0.018568143
 Epoch = 100,  Loss: 0.009454599
 Epoch = 150,  Loss: 0.005253835
 Epoch = 200,  Loss: 0.0036079306
 Epoch = 250,  Loss: 0.0037328033
 Epoch = 299,  Loss: 0.005509356
--Update of pi--
   Epoch =  0 ,  Loss: 0.1134890541434288
   Epoch =  19 ,  Loss: 0.11472588777542114
--Estimation of V--
 Epoch = 0,  Loss: 0.0055369856
 Epoch = 50,  Loss: 0.0057189013
 Epoch = 100,  Loss: 0.0042224457
 Epoch = 150,  Loss: 0.003271468
 Epoch = 200,  Loss: 0.002637609
 Epoch = 250,  Loss: 0.0035152475
 Epoch = 299,  Loss: 0.013664683
--Update of pi--
   Epoch =  0 ,  Loss: 0.11498682200908661
   Epoch =  19 ,  Loss: 0.11991758644580841
--Estimation of V--
 Epoch = 0,  Loss: 0.013930252
 Epoch = 50,  Loss: 0.025442855
 Epoch = 100,  Loss: 0.02336022
 Epoch = 150,  Loss: 0.014413357
 Epoch = 200,  Loss: 0.007748425
 Epoch = 250,  Loss: 0.0048525315
 Epoch = 299,  Loss: 0.0034674483
--Update of pi--
   Epoch =  0 ,  Loss: 0.11915840953588486
   Epoch =  19 ,  Loss: 0.10491000860929489
--Estimation of V--
 Epoch = 0,  Loss: 0.00344903
 Epoch = 50,  Loss: 0.004228518
 Epoch = 100,  Loss: 0.0062501784
 Epoch = 150,  Loss: 0.005827169
 Epoch = 200,  Loss: 0.0041137226
 Epoch = 250,  Loss: 0.0029765218
 Epoch = 299,  Loss: 0.0022915322
--Update of pi--
   Epoch =  0 ,  Loss: 0.10498503595590591
   Epoch =  19 ,  Loss: 0.10618016123771667
--Estimation of V--
 Epoch = 0,  Loss: 0.0022878547
 Epoch = 50,  Loss: 0.0038824265
 Epoch = 100,  Loss: 0.0142643675
 Epoch = 150,  Loss: 0.024753505
 Epoch = 200,  Loss: 0.022640962
 Epoch = 250,  Loss: 0.014271682
 Epoch = 299,  Loss: 0.007927656
--Update of pi--
   Epoch =  0 ,  Loss: 0.10524377971887589
   Epoch =  19 ,  Loss: 0.0873190239071846
--Estimation of V--
 Epoch = 0,  Loss: 0.007841199
 Epoch = 50,  Loss: 0.0050338153
 Epoch = 100,  Loss: 0.0035915435
 Epoch = 150,  Loss: 0.0042508105
 Epoch = 200,  Loss: 0.0057400805
 Epoch = 250,  Loss: 0.004964973
 Epoch = 299,  Loss: 0.003385395
--Update of pi--
   Epoch =  0 ,  Loss: 0.08740860968828201
   Epoch =  19 ,  Loss: 0.08915164321660995
--Estimation of V--
 Epoch = 0,  Loss: 0.0033614305
 Epoch = 50,  Loss: 0.002485308
 Epoch = 100,  Loss: 0.0022581005
 Epoch = 150,  Loss: 0.0034256813
 Epoch = 200,  Loss: 0.010866057
 Epoch = 250,  Loss: 0.0203477
 Epoch = 299,  Loss: 0.02150298
--Update of pi--
   Epoch =  0 ,  Loss: 0.08941282331943512
   Epoch =  19 ,  Loss: 0.09430374950170517
--Estimation of V--
 Epoch = 0,  Loss: 0.021425145
 Epoch = 50,  Loss: 0.015095222
 Epoch = 100,  Loss: 0.0077638803
 Epoch = 150,  Loss: 0.017647851
 Epoch = 200,  Loss: 0.021957241
 Epoch = 250,  Loss: 0.010569976
 Epoch = 299,  Loss: 0.006328204
--Update of pi--
   Epoch =  0 ,  Loss: 0.09582062065601349
   Epoch =  19 ,  Loss: 0.12451271712779999
--Estimation of V--
 Epoch = 0,  Loss: 0.0062619187
 Epoch = 50,  Loss: 0.0039557777
 Epoch = 100,  Loss: 0.0027715028
 Epoch = 150,  Loss: 0.0020191916
 Epoch = 200,  Loss: 0.0020713962
 Epoch = 250,  Loss: 0.009696859
 Epoch = 299,  Loss: 0.03129339
--Update of pi--
   Epoch =  0 ,  Loss: 0.12598788738250732
   Epoch =  19 ,  Loss: 0.1542338728904724
--Estimation of V--
 Epoch = 0,  Loss: 0.03169244
 Epoch = 50,  Loss: 0.034498066
 Epoch = 100,  Loss: 0.0147699965
 Epoch = 150,  Loss: 0.00550169
 Epoch = 200,  Loss: 0.0065884683
 Epoch = 250,  Loss: 0.008977563
 Epoch = 299,  Loss: 0.00659449
--Update of pi--
   Epoch =  0 ,  Loss: 0.15514490008354187
   Epoch =  19 ,  Loss: 0.17267729341983795
--Estimation of V--
 Epoch = 0,  Loss: 0.0065253554
 Epoch = 50,  Loss: 0.003339346
 Epoch = 100,  Loss: 0.005502392
 Epoch = 150,  Loss: 0.030059187
 Epoch = 200,  Loss: 0.05683681
 Epoch = 250,  Loss: 0.052848402
 Epoch = 299,  Loss: 0.034517564
--Update of pi--
   Epoch =  0 ,  Loss: 0.17263475060462952
   Epoch =  19 ,  Loss: 0.1717260777950287
--Estimation of V--
 Epoch = 0,  Loss: 0.03414753
 Epoch = 50,  Loss: 0.020022905
 Epoch = 100,  Loss: 0.012634091
 Epoch = 150,  Loss: 0.008444013
 Epoch = 200,  Loss: 0.0061389287
 Epoch = 250,  Loss: 0.0047296197
 Epoch = 299,  Loss: 0.0037397996
--Update of pi--
   Epoch =  0 ,  Loss: 0.1705705225467682
   Epoch =  19 ,  Loss: 0.14866133034229279
--Estimation of V--
 Epoch = 0,  Loss: 0.0037216386
 Epoch = 50,  Loss: 0.003060618
 Epoch = 100,  Loss: 0.003545174
 Epoch = 150,  Loss: 0.003983807
 Epoch = 200,  Loss: 0.0033119447
 Epoch = 250,  Loss: 0.00261223
 Epoch = 299,  Loss: 0.0021482697
--Update of pi--
   Epoch =  0 ,  Loss: 0.14785240590572357
   Epoch =  19 ,  Loss: 0.13209880888462067
--Estimation of V--
 Epoch = 0,  Loss: 0.002142288
 Epoch = 50,  Loss: 0.0020978677
 Epoch = 100,  Loss: 0.0020579314
 Epoch = 150,  Loss: 0.0024190152
 Epoch = 200,  Loss: 0.007106002
 Epoch = 250,  Loss: 0.021871412
 Epoch = 299,  Loss: 0.033410795
--Update of pi--
   Epoch =  0 ,  Loss: 0.1312856376171112
   Epoch =  19 ,  Loss: 0.11580982804298401
--Estimation of V--
 Epoch = 0,  Loss: 0.03349258
 Epoch = 50,  Loss: 0.030403387
 Epoch = 100,  Loss: 0.021874046
 Epoch = 150,  Loss: 0.014688343
 Epoch = 200,  Loss: 0.010339704
 Epoch = 250,  Loss: 0.0077496553
 Epoch = 299,  Loss: 0.006134091
--Update of pi--
   Epoch =  0 ,  Loss: 0.1146838366985321
   Epoch =  19 ,  Loss: 0.09218122810125351
--Estimation of V--
 Epoch = 0,  Loss: 0.0061091017
 Epoch = 50,  Loss: 0.005120463
 Epoch = 100,  Loss: 0.0043493747
 Epoch = 150,  Loss: 0.0069405334
 Epoch = 200,  Loss: 0.009840123
 Epoch = 250,  Loss: 0.0087698605
 Epoch = 299,  Loss: 0.0071922885
--Update of pi--
   Epoch =  0 ,  Loss: 0.09290017187595367
   Epoch =  19 ,  Loss: 0.10664884746074677
--Estimation of V--
 Epoch = 0,  Loss: 0.0071632653
 Epoch = 50,  Loss: 0.005797458
 Epoch = 100,  Loss: 0.004528987
 Epoch = 150,  Loss: 0.0034600336
 Epoch = 200,  Loss: 0.0025677823
 Epoch = 250,  Loss: 0.0019337519
 Epoch = 299,  Loss: 0.0015522129
--Update of pi--
   Epoch =  0 ,  Loss: 0.1079699918627739
   Epoch =  19 ,  Loss: 0.13212843239307404
--Estimation of V--
 Epoch = 0,  Loss: 0.0015495978
 Epoch = 50,  Loss: 0.001787661
 Epoch = 100,  Loss: 0.0040737023
 Epoch = 150,  Loss: 0.021146275
 Epoch = 200,  Loss: 0.044162866
 Epoch = 250,  Loss: 0.046978373
 Epoch = 299,  Loss: 0.034472954
--Update of pi--
   Epoch =  0 ,  Loss: 0.1325218230485916
   Epoch =  19 ,  Loss: 0.14046704769134521
--Estimation of V--
 Epoch = 0,  Loss: 0.03418075
 Epoch = 50,  Loss: 0.021598218
 Epoch = 100,  Loss: 0.013746625
 Epoch = 150,  Loss: 0.0088888835
 Epoch = 200,  Loss: 0.005856887
 Epoch = 250,  Loss: 0.0037795526
 Epoch = 299,  Loss: 0.002929547
--Update of pi--
   Epoch =  0 ,  Loss: 0.13948173820972443
   Epoch =  19 ,  Loss: 0.12095601111650467
--Estimation of V--
 Epoch = 0,  Loss: 0.0029671818
 Epoch = 50,  Loss: 0.013636057
 Epoch = 100,  Loss: 0.028360393
 Epoch = 150,  Loss: 0.027163202
 Epoch = 200,  Loss: 0.018021561
 Epoch = 250,  Loss: 0.0113407215
 Epoch = 299,  Loss: 0.0068462733
--Update of pi--
   Epoch =  0 ,  Loss: 0.1226242333650589
   Epoch =  19 ,  Loss: 0.15451765060424805
--Estimation of V--
 Epoch = 0,  Loss: 0.0067776893
 Epoch = 50,  Loss: 0.0041452153
 Epoch = 100,  Loss: 0.0025952875
 Epoch = 150,  Loss: 0.005115081
 Epoch = 200,  Loss: 0.025361532
 Epoch = 250,  Loss: 0.05276685
 Epoch = 299,  Loss: 0.06005275
--Update of pi--
   Epoch =  0 ,  Loss: 0.15514688193798065
   Epoch =  19 ,  Loss: 0.16717855632305145
--Estimation of V--
 Epoch = 0,  Loss: 0.059953958
 Epoch = 50,  Loss: 0.047199108
 Epoch = 100,  Loss: 0.030307684
 Epoch = 150,  Loss: 0.018678803
 Epoch = 200,  Loss: 0.011620121
 Epoch = 250,  Loss: 0.0072403736
 Epoch = 299,  Loss: 0.0045161564
--Update of pi--
   Epoch =  0 ,  Loss: 0.16648179292678833
   Epoch =  19 ,  Loss: 0.15339656174182892
--Estimation of V--
 Epoch = 0,  Loss: 0.0044742585
 Epoch = 50,  Loss: 0.003173497
 Epoch = 100,  Loss: 0.011116486
 Epoch = 150,  Loss: 0.03273158
 Epoch = 200,  Loss: 0.043033827
 Epoch = 250,  Loss: 0.032883216
 Epoch = 299,  Loss: 0.021239715
--Update of pi--
   Epoch =  0 ,  Loss: 0.1548069715499878
   Epoch =  19 ,  Loss: 0.1814449280500412
--Estimation of V--
 Epoch = 0,  Loss: 0.021045782
 Epoch = 50,  Loss: 0.013240472
 Epoch = 100,  Loss: 0.008364175
 Epoch = 150,  Loss: 0.0052349702
 Epoch = 200,  Loss: 0.0032642493
 Epoch = 250,  Loss: 0.00211207
 Epoch = 299,  Loss: 0.001745588
--Update of pi--
   Epoch =  0 ,  Loss: 0.18259932100772858
   Epoch =  19 ,  Loss: 0.20390628278255463
--Estimation of V--
 Epoch = 0,  Loss: 0.0017561184
 Epoch = 50,  Loss: 0.006749654
 Epoch = 100,  Loss: 0.028501041
 Epoch = 150,  Loss: 0.0556515
 Epoch = 200,  Loss: 0.06311451
 Epoch = 250,  Loss: 0.05002991
 Epoch = 299,  Loss: 0.032201428
--Update of pi--
   Epoch =  0 ,  Loss: 0.20343032479286194
   Epoch =  19 ,  Loss: 0.19509296119213104
--Estimation of V--
 Epoch = 0,  Loss: 0.031883877
 Epoch = 50,  Loss: 0.019512681
 Epoch = 100,  Loss: 0.012004634
 Epoch = 150,  Loss: 0.007149688
 Epoch = 200,  Loss: 0.0042513288
 Epoch = 250,  Loss: 0.002653242
 Epoch = 299,  Loss: 0.0065782415
--Update of pi--
   Epoch =  0 ,  Loss: 0.19421720504760742
   Epoch =  19 ,  Loss: 0.17747966945171356
--Estimation of V--
 Epoch = 0,  Loss: 0.006830824
 Epoch = 50,  Loss: 0.026474811
 Epoch = 100,  Loss: 0.04287239
 Epoch = 150,  Loss: 0.0377353
 Epoch = 200,  Loss: 0.025179941
 Epoch = 250,  Loss: 0.015478361
 Epoch = 299,  Loss: 0.009753121
--Update of pi--
   Epoch =  0 ,  Loss: 0.1790522336959839
   Epoch =  19 ,  Loss: 0.2084609568119049
--Estimation of V--
 Epoch = 0,  Loss: 0.009669128
 Epoch = 50,  Loss: 0.0065328325
 Epoch = 100,  Loss: 0.0040480387
 Epoch = 150,  Loss: 0.0029519713
 Epoch = 200,  Loss: 0.009599751
 Epoch = 250,  Loss: 0.025842255
 Epoch = 299,  Loss: 0.040669
--Update of pi--
   Epoch =  0 ,  Loss: 0.20814137160778046
   Epoch =  19 ,  Loss: 0.20231595635414124
--Estimation of V--
 Epoch = 0,  Loss: 0.04086806
 Epoch = 50,  Loss: 0.044940125
 Epoch = 100,  Loss: 0.03859206
 Epoch = 150,  Loss: 0.027877206
 Epoch = 200,  Loss: 0.018669803
 Epoch = 250,  Loss: 0.012277875
 Epoch = 299,  Loss: 0.008167302
--Update of pi--
   Epoch =  0 ,  Loss: 0.20183591544628143
   Epoch =  19 ,  Loss: 0.19184698164463043
--Estimation of V--
 Epoch = 0,  Loss: 0.008104244
 Epoch = 50,  Loss: 0.0060544084
 Epoch = 100,  Loss: 0.0041383887
 Epoch = 150,  Loss: 0.002730889
 Epoch = 200,  Loss: 0.0093845045
 Epoch = 250,  Loss: 0.026993826
 Epoch = 299,  Loss: 0.03740111
--Update of pi--
   Epoch =  0 ,  Loss: 0.19338718056678772
   Epoch =  19 ,  Loss: 0.22284895181655884
--Estimation of V--
 Epoch = 0,  Loss: 0.0374072
 Epoch = 50,  Loss: 0.030267684
 Epoch = 100,  Loss: 0.01920327
 Epoch = 150,  Loss: 0.011991316
 Epoch = 200,  Loss: 0.007850636
 Epoch = 250,  Loss: 0.005378399
 Epoch = 299,  Loss: 0.003700429
--Update of pi--
   Epoch =  0 ,  Loss: 0.22340701520442963
   Epoch =  19 ,  Loss: 0.2330400049686432
--Estimation of V--
 Epoch = 0,  Loss: 0.0036750177
 Epoch = 50,  Loss: 0.0027916247
 Epoch = 100,  Loss: 0.0045237783
 Epoch = 150,  Loss: 0.013908819
 Epoch = 200,  Loss: 0.027344584
 Epoch = 250,  Loss: 0.034990598
 Epoch = 299,  Loss: 0.03380828
--Update of pi--
   Epoch =  0 ,  Loss: 0.2327481508255005
   Epoch =  19 ,  Loss: 0.22849780321121216
--Estimation of V--
 Epoch = 0,  Loss: 0.03370411
 Epoch = 50,  Loss: 0.026300848
 Epoch = 100,  Loss: 0.018074809
 Epoch = 150,  Loss: 0.011822195
 Epoch = 200,  Loss: 0.007800339
 Epoch = 250,  Loss: 0.0052457983
 Epoch = 299,  Loss: 0.003647126
--Update of pi--
   Epoch =  0 ,  Loss: 0.22696125507354736
   Epoch =  19 ,  Loss: 0.1966238021850586
--Estimation of V--
 Epoch = 0,  Loss: 0.0036237196
 Epoch = 50,  Loss: 0.0030221352
 Epoch = 100,  Loss: 0.0045015095
 Epoch = 150,  Loss: 0.016301714
 Epoch = 200,  Loss: 0.031460606
 Epoch = 250,  Loss: 0.030530674
 Epoch = 299,  Loss: 0.019681966
--Update of pi--
   Epoch =  0 ,  Loss: 0.1981172412633896
   Epoch =  19 ,  Loss: 0.22770124673843384
--Estimation of V--
 Epoch = 0,  Loss: 0.019467449
 Epoch = 50,  Loss: 0.011434262
 Epoch = 100,  Loss: 0.007165527
 Epoch = 150,  Loss: 0.0046213274
 Epoch = 200,  Loss: 0.0029949814
 Epoch = 250,  Loss: 0.0019993572
 Epoch = 299,  Loss: 0.0019587122
--Update of pi--
   Epoch =  0 ,  Loss: 0.22587211430072784
   Epoch =  19 ,  Loss: 0.19091182947158813
--Estimation of V--
 Epoch = 0,  Loss: 0.0019814912
 Epoch = 50,  Loss: 0.0065173428
 Epoch = 100,  Loss: 0.017789176
 Epoch = 150,  Loss: 0.02866713
 Epoch = 200,  Loss: 0.031487647
 Epoch = 250,  Loss: 0.025834238
 Epoch = 299,  Loss: 0.017153181
--Update of pi--
   Epoch =  0 ,  Loss: 0.19032007455825806
   Epoch =  19 ,  Loss: 0.17965997755527496
--Estimation of V--
 Epoch = 0,  Loss: 0.016991934
 Epoch = 50,  Loss: 0.010929558
 Epoch = 100,  Loss: 0.0073931105
 Epoch = 150,  Loss: 0.004849257
 Epoch = 200,  Loss: 0.0033623595
 Epoch = 250,  Loss: 0.0024729646
 Epoch = 299,  Loss: 0.0035876783
--Update of pi--
   Epoch =  0 ,  Loss: 0.17848874628543854
   Epoch =  19 ,  Loss: 0.1563955545425415
--Estimation of V--
 Epoch = 0,  Loss: 0.0036770538
 Epoch = 50,  Loss: 0.015393358
 Epoch = 100,  Loss: 0.030140014
 Epoch = 150,  Loss: 0.025747417
 Epoch = 200,  Loss: 0.012558302
 Epoch = 250,  Loss: 0.0064197485
 Epoch = 299,  Loss: 0.0035641298
--Update of pi--
   Epoch =  0 ,  Loss: 0.15742821991443634
   Epoch =  19 ,  Loss: 0.1773710697889328
--Estimation of V--
 Epoch = 0,  Loss: 0.0035257586
 Epoch = 50,  Loss: 0.0028760019
 Epoch = 100,  Loss: 0.0072256853
 Epoch = 150,  Loss: 0.017097296
 Epoch = 200,  Loss: 0.025908303
 Epoch = 250,  Loss: 0.027970323
 Epoch = 299,  Loss: 0.02344559
--Update of pi--
   Epoch =  0 ,  Loss: 0.17645405232906342
   Epoch =  19 ,  Loss: 0.15903253853321075
--Estimation of V--
 Epoch = 0,  Loss: 0.023308259
 Epoch = 50,  Loss: 0.016337976
 Epoch = 100,  Loss: 0.010740248
 Epoch = 150,  Loss: 0.006965559
 Epoch = 200,  Loss: 0.004804861
 Epoch = 250,  Loss: 0.003431335
 Epoch = 299,  Loss: 0.0025671485
--Update of pi--
   Epoch =  0 ,  Loss: 0.15846166014671326
   Epoch =  19 ,  Loss: 0.14704889059066772
--Estimation of V--
 Epoch = 0,  Loss: 0.0025575277
 Epoch = 50,  Loss: 0.0028828073
 Epoch = 100,  Loss: 0.008915683
 Epoch = 150,  Loss: 0.023652267
 Epoch = 200,  Loss: 0.027940793
 Epoch = 250,  Loss: 0.016890706
 Epoch = 299,  Loss: 0.008582631
--Update of pi--
   Epoch =  0 ,  Loss: 0.14798718690872192
   Epoch =  19 ,  Loss: 0.16603386402130127
--Estimation of V--
 Epoch = 0,  Loss: 0.008477105
 Epoch = 50,  Loss: 0.0048384927
 Epoch = 100,  Loss: 0.002837889
 Epoch = 150,  Loss: 0.0019532465
 Epoch = 200,  Loss: 0.0030611686
 Epoch = 250,  Loss: 0.008014384
 Epoch = 299,  Loss: 0.015535223
--Update of pi--
   Epoch =  0 ,  Loss: 0.1666778326034546
   Epoch =  19 ,  Loss: 0.17880775034427643
--Estimation of V--
 Epoch = 0,  Loss: 0.01568576
 Epoch = 50,  Loss: 0.021508139
 Epoch = 100,  Loss: 0.022385
 Epoch = 150,  Loss: 0.018495336
 Epoch = 200,  Loss: 0.013035086
 Epoch = 250,  Loss: 0.008653678
 Epoch = 299,  Loss: 0.0057691187
--Update of pi--
   Epoch =  0 ,  Loss: 0.17776042222976685
   Epoch =  19 ,  Loss: 0.1575678288936615
--Estimation of V--
 Epoch = 0,  Loss: 0.0057253195
 Epoch = 50,  Loss: 0.0044194204
 Epoch = 100,  Loss: 0.0043094154
 Epoch = 150,  Loss: 0.010424949
 Epoch = 200,  Loss: 0.02138786
 Epoch = 250,  Loss: 0.021099202
 Epoch = 299,  Loss: 0.012242667
--Update of pi--
   Epoch =  0 ,  Loss: 0.1584043651819229
   Epoch =  19 ,  Loss: 0.17427977919578552
--Estimation of V--
 Epoch = 0,  Loss: 0.012080273
 Epoch = 50,  Loss: 0.006688242
 Epoch = 100,  Loss: 0.004181979
 Epoch = 150,  Loss: 0.002701687
 Epoch = 200,  Loss: 0.0018850135
 Epoch = 250,  Loss: 0.0015295753
 Epoch = 299,  Loss: 0.0016765478
--Update of pi--
   Epoch =  0 ,  Loss: 0.17497961223125458
   Epoch =  19 ,  Loss: 0.18869854509830475
--Estimation of V--
 Epoch = 0,  Loss: 0.0016916327
 Epoch = 50,  Loss: 0.00386646
 Epoch = 100,  Loss: 0.009256767
 Epoch = 150,  Loss: 0.015347395
 Epoch = 200,  Loss: 0.019309403
 Epoch = 250,  Loss: 0.019604579
 Epoch = 299,  Loss: 0.016243832
--Update of pi--
   Epoch =  0 ,  Loss: 0.1877240538597107
   Epoch =  19 ,  Loss: 0.16911140084266663
--Estimation of V--
 Epoch = 0,  Loss: 0.016154794
 Epoch = 50,  Loss: 0.011915859
 Epoch = 100,  Loss: 0.008268128
 Epoch = 150,  Loss: 0.00537547
 Epoch = 200,  Loss: 0.0036450038
 Epoch = 250,  Loss: 0.0030196062
 Epoch = 299,  Loss: 0.006977924
--Update of pi--
   Epoch =  0 ,  Loss: 0.16966356337070465
   Epoch =  19 ,  Loss: 0.1800249069929123
--Estimation of V--
 Epoch = 0,  Loss: 0.0071547832
 Epoch = 50,  Loss: 0.018997246
 Epoch = 100,  Loss: 0.022028921
 Epoch = 150,  Loss: 0.012649039
 Epoch = 200,  Loss: 0.0061470824
 Epoch = 250,  Loss: 0.0033800704
 Epoch = 299,  Loss: 0.0021150454
--Update of pi--
   Epoch =  0 ,  Loss: 0.1808474212884903
   Epoch =  19 ,  Loss: 0.19688041508197784
--Estimation of V--
 Epoch = 0,  Loss: 0.0021058952
 Epoch = 50,  Loss: 0.0031147436
 Epoch = 100,  Loss: 0.007519532
 Epoch = 150,  Loss: 0.01296995
 Epoch = 200,  Loss: 0.016868098
 Epoch = 250,  Loss: 0.018356849
 Epoch = 299,  Loss: 0.016656786
--Update of pi--
   Epoch =  0 ,  Loss: 0.1958191692829132
   Epoch =  19 ,  Loss: 0.1755707859992981
--Estimation of V--
 Epoch = 0,  Loss: 0.016594406
 Epoch = 50,  Loss: 0.013155732
 Epoch = 100,  Loss: 0.009588483
 Epoch = 150,  Loss: 0.006608367
 Epoch = 200,  Loss: 0.0047902996
 Epoch = 250,  Loss: 0.0035661715
 Epoch = 299,  Loss: 0.0027696728
--Update of pi--
   Epoch =  0 ,  Loss: 0.17478355765342712
   Epoch =  19 ,  Loss: 0.15950320661067963
--Estimation of V--
 Epoch = 0,  Loss: 0.0027609693
 Epoch = 50,  Loss: 0.0030506714
 Epoch = 100,  Loss: 0.00772289
 Epoch = 150,  Loss: 0.018591411
 Epoch = 200,  Loss: 0.020620544
 Epoch = 250,  Loss: 0.011590974
 Epoch = 299,  Loss: 0.00580661
--Update of pi--
   Epoch =  0 ,  Loss: 0.16041456162929535
   Epoch =  19 ,  Loss: 0.17782969772815704
--Estimation of V--
 Epoch = 0,  Loss: 0.0057379757
 Epoch = 50,  Loss: 0.0033697113
 Epoch = 100,  Loss: 0.0021801093
 Epoch = 150,  Loss: 0.002021649
 Epoch = 200,  Loss: 0.0035462102
 Epoch = 250,  Loss: 0.0072222883
 Epoch = 299,  Loss: 0.011658985
--Update of pi--
   Epoch =  0 ,  Loss: 0.17701144516468048
   Epoch =  19 ,  Loss: 0.16157880425453186
--Estimation of V--
 Epoch = 0,  Loss: 0.011744976
 Epoch = 50,  Loss: 0.015314399
 Epoch = 100,  Loss: 0.0163498
 Epoch = 150,  Loss: 0.014324534
 Epoch = 200,  Loss: 0.010955895
 Epoch = 250,  Loss: 0.0078115966
 Epoch = 299,  Loss: 0.005478983
--Update of pi--
   Epoch =  0 ,  Loss: 0.16065482795238495
   Epoch =  19 ,  Loss: 0.14275391399860382
--Estimation of V--
 Epoch = 0,  Loss: 0.0054425537
 Epoch = 50,  Loss: 0.00441786
 Epoch = 100,  Loss: 0.004692059
 Epoch = 150,  Loss: 0.010671478
 Epoch = 200,  Loss: 0.019311456
 Epoch = 250,  Loss: 0.016793143
 Epoch = 299,  Loss: 0.008831015
--Update of pi--
   Epoch =  0 ,  Loss: 0.1438223421573639
   Epoch =  19 ,  Loss: 0.16415071487426758
--Estimation of V--
 Epoch = 0,  Loss: 0.0087136105
 Epoch = 50,  Loss: 0.0050862557
 Epoch = 100,  Loss: 0.003350589
 Epoch = 150,  Loss: 0.0022821724
 Epoch = 200,  Loss: 0.0017090343
 Epoch = 250,  Loss: 0.0014823565
 Epoch = 299,  Loss: 0.0016615198
--Update of pi--
   Epoch =  0 ,  Loss: 0.1649625450372696
   Epoch =  19 ,  Loss: 0.1807708889245987
--Estimation of V--
 Epoch = 0,  Loss: 0.0016759209
 Epoch = 50,  Loss: 0.0034675354
 Epoch = 100,  Loss: 0.0073442636
 Epoch = 150,  Loss: 0.011665929
 Epoch = 200,  Loss: 0.015028052
 Epoch = 250,  Loss: 0.01607117
 Epoch = 299,  Loss: 0.014254659
--Update of pi--
   Epoch =  0 ,  Loss: 0.17972789704799652
   Epoch =  19 ,  Loss: 0.15977466106414795
--Estimation of V--
 Epoch = 0,  Loss: 0.0141987195
 Epoch = 50,  Loss: 0.011347191
 Epoch = 100,  Loss: 0.008285978
 Epoch = 150,  Loss: 0.005487016
 Epoch = 200,  Loss: 0.0037938792
 Epoch = 250,  Loss: 0.0031553456
 Epoch = 299,  Loss: 0.0070607234
--Update of pi--
   Epoch =  0 ,  Loss: 0.16084057092666626
   Epoch =  19 ,  Loss: 0.18094848096370697
--Estimation of V--
 Epoch = 0,  Loss: 0.007234727
 Epoch = 50,  Loss: 0.019022377
 Epoch = 100,  Loss: 0.020571847
 Epoch = 150,  Loss: 0.01069492
 Epoch = 200,  Loss: 0.005464406
 Epoch = 250,  Loss: 0.0031226245
 Epoch = 299,  Loss: 0.002055915
--Update of pi--
   Epoch =  0 ,  Loss: 0.18200241029262543
   Epoch =  19 ,  Loss: 0.20245395600795746
--Estimation of V--
 Epoch = 0,  Loss: 0.0020509227
 Epoch = 50,  Loss: 0.0033487058
 Epoch = 100,  Loss: 0.007519818
 Epoch = 150,  Loss: 0.0120800175
 Epoch = 200,  Loss: 0.015596484
 Epoch = 250,  Loss: 0.017128639
 Epoch = 299,  Loss: 0.015615578
--Update of pi--
   Epoch =  0 ,  Loss: 0.20123811066150665
   Epoch =  19 ,  Loss: 0.17807437479496002
--Estimation of V--
 Epoch = 0,  Loss: 0.015561256
 Epoch = 50,  Loss: 0.0126315905
 Epoch = 100,  Loss: 0.009375043
 Epoch = 150,  Loss: 0.0064702136
 Epoch = 200,  Loss: 0.004745901
 Epoch = 250,  Loss: 0.003575868
 Epoch = 299,  Loss: 0.0028079941
--Update of pi--
   Epoch =  0 ,  Loss: 0.17720317840576172
   Epoch =  19 ,  Loss: 0.1603069305419922
--Estimation of V--
 Epoch = 0,  Loss: 0.002799838
 Epoch = 50,  Loss: 0.003171952
 Epoch = 100,  Loss: 0.008874887
 Epoch = 150,  Loss: 0.021290075
 Epoch = 200,  Loss: 0.021102715
 Epoch = 250,  Loss: 0.010464081
 Epoch = 299,  Loss: 0.006052085
--Update of pi--
   Epoch =  0 ,  Loss: 0.16176357865333557
   Epoch =  19 ,  Loss: 0.18949443101882935
--Estimation of V--
 Epoch = 0,  Loss: 0.0059929355
 Epoch = 50,  Loss: 0.0037863594
 Epoch = 100,  Loss: 0.002452983
 Epoch = 150,  Loss: 0.002155159
 Epoch = 200,  Loss: 0.003806794
 Epoch = 250,  Loss: 0.0076490324
 Epoch = 299,  Loss: 0.012110149
--Update of pi--
   Epoch =  0 ,  Loss: 0.18842649459838867
   Epoch =  19 ,  Loss: 0.16831505298614502
--Estimation of V--
 Epoch = 0,  Loss: 0.012197979
 Epoch = 50,  Loss: 0.015914109
 Epoch = 100,  Loss: 0.01683489
 Epoch = 150,  Loss: 0.014497224
 Epoch = 200,  Loss: 0.011115023
 Epoch = 250,  Loss: 0.008055497
 Epoch = 299,  Loss: 0.0057668923
--Update of pi--
   Epoch =  0 ,  Loss: 0.16720730066299438
   Epoch =  19 ,  Loss: 0.14562931656837463
--Estimation of V--
 Epoch = 0,  Loss: 0.005731463
 Epoch = 50,  Loss: 0.0047987914
 Epoch = 100,  Loss: 0.004862495
 Epoch = 150,  Loss: 0.011635417
 Epoch = 200,  Loss: 0.021686543
 Epoch = 250,  Loss: 0.0187212
 Epoch = 299,  Loss: 0.010282082
--Update of pi--
   Epoch =  0 ,  Loss: 0.14741283655166626
   Epoch =  19 ,  Loss: 0.18127134442329407
--Estimation of V--
 Epoch = 0,  Loss: 0.010183321
 Epoch = 50,  Loss: 0.0067691016
 Epoch = 100,  Loss: 0.004837543
 Epoch = 150,  Loss: 0.0035024774
 Epoch = 200,  Loss: 0.0025671115
 Epoch = 250,  Loss: 0.0019263603
 Epoch = 299,  Loss: 0.0016168016
--Update of pi--
   Epoch =  0 ,  Loss: 0.1828107088804245
   Epoch =  19 ,  Loss: 0.21204864978790283
--Estimation of V--
 Epoch = 0,  Loss: 0.0016203107
 Epoch = 50,  Loss: 0.0030694793
 Epoch = 100,  Loss: 0.006848767
 Epoch = 150,  Loss: 0.01121128
 Epoch = 200,  Loss: 0.014995687
 Epoch = 250,  Loss: 0.016818842
 Epoch = 299,  Loss: 0.015777642
--Update of pi--
   Epoch =  0 ,  Loss: 0.21060515940189362
   Epoch =  19 ,  Loss: 0.18330074846744537
--Estimation of V--
 Epoch = 0,  Loss: 0.015735313
 Epoch = 50,  Loss: 0.013348118
 Epoch = 100,  Loss: 0.010549557
 Epoch = 150,  Loss: 0.007833747
 Epoch = 200,  Loss: 0.00590892
 Epoch = 250,  Loss: 0.004441861
 Epoch = 299,  Loss: 0.0033705146
--Update of pi--
   Epoch =  0 ,  Loss: 0.1825709491968155
   Epoch =  19 ,  Loss: 0.1681181937456131
--Estimation of V--
 Epoch = 0,  Loss: 0.003356372
 Epoch = 50,  Loss: 0.0036257475
 Epoch = 100,  Loss: 0.012030332
 Epoch = 150,  Loss: 0.021927547
 Epoch = 200,  Loss: 0.018418267
 Epoch = 250,  Loss: 0.010396668
 Epoch = 299,  Loss: 0.0068599004
--Update of pi--
   Epoch =  0 ,  Loss: 0.1705058068037033
   Epoch =  19 ,  Loss: 0.21645289659500122
--Estimation of V--
 Epoch = 0,  Loss: 0.006806335
 Epoch = 50,  Loss: 0.0047219605
 Epoch = 100,  Loss: 0.0032530704
 Epoch = 150,  Loss: 0.0022310107
 Epoch = 200,  Loss: 0.0018459427
 Epoch = 250,  Loss: 0.002378071
 Epoch = 299,  Loss: 0.0045278566
--Update of pi--
   Epoch =  0 ,  Loss: 0.21436841785907745
   Epoch =  19 ,  Loss: 0.17530125379562378
--Estimation of V--
 Epoch = 0,  Loss: 0.0045946706
 Epoch = 50,  Loss: 0.0086711105
 Epoch = 100,  Loss: 0.013249796
 Epoch = 150,  Loss: 0.015585405
 Epoch = 200,  Loss: 0.01434484
 Epoch = 250,  Loss: 0.011409868
 Epoch = 299,  Loss: 0.008771029
--Update of pi--
   Epoch =  0 ,  Loss: 0.1739906668663025
   Epoch =  19 ,  Loss: 0.14886456727981567
--Estimation of V--
 Epoch = 0,  Loss: 0.008728626
 Epoch = 50,  Loss: 0.007661589
 Epoch = 100,  Loss: 0.00616907
 Epoch = 150,  Loss: 0.0039171143
 Epoch = 200,  Loss: 0.00392493
 Epoch = 250,  Loss: 0.012229559
 Epoch = 299,  Loss: 0.020597806
--Update of pi--
   Epoch =  0 ,  Loss: 0.15142792463302612
   Epoch =  19 ,  Loss: 0.20001107454299927
--Estimation of V--
 Epoch = 0,  Loss: 0.020673463
 Epoch = 50,  Loss: 0.017217362
 Epoch = 100,  Loss: 0.010670044
 Epoch = 150,  Loss: 0.007088539
 Epoch = 200,  Loss: 0.0049967086
 Epoch = 250,  Loss: 0.003643588
 Epoch = 299,  Loss: 0.0027235243
--Update of pi--
   Epoch =  0 ,  Loss: 0.20195551216602325
   Epoch =  19 ,  Loss: 0.23824214935302734
--Estimation of V--
 Epoch = 0,  Loss: 0.0027118293
 Epoch = 50,  Loss: 0.002808443
 Epoch = 100,  Loss: 0.004114081
 Epoch = 150,  Loss: 0.006659312
 Epoch = 200,  Loss: 0.009889506
 Epoch = 250,  Loss: 0.012296679
 Epoch = 299,  Loss: 0.012813726
--Update of pi--
   Epoch =  0 ,  Loss: 0.23636701703071594
   Epoch =  19 ,  Loss: 0.2012021839618683
--Estimation of V--
 Epoch = 0,  Loss: 0.012802644
 Epoch = 50,  Loss: 0.011714264
 Epoch = 100,  Loss: 0.009900114
 Epoch = 150,  Loss: 0.0080162445
 Epoch = 200,  Loss: 0.00664823
 Epoch = 250,  Loss: 0.0055825943
 Epoch = 299,  Loss: 0.0047614146
--Update of pi--
   Epoch =  0 ,  Loss: 0.20081308484077454
   Epoch =  19 ,  Loss: 0.19170984625816345
--Estimation of V--
 Epoch = 0,  Loss: 0.004752371
 Epoch = 50,  Loss: 0.005172643
 Epoch = 100,  Loss: 0.0045950194
 Epoch = 150,  Loss: 0.0030936003
 Epoch = 200,  Loss: 0.004980932
 Epoch = 250,  Loss: 0.0128077855
 Epoch = 299,  Loss: 0.018082649
--Update of pi--
   Epoch =  0 ,  Loss: 0.19412124156951904
   Epoch =  19 ,  Loss: 0.24064186215400696
--Estimation of V--
 Epoch = 0,  Loss: 0.018107273
 Epoch = 50,  Loss: 0.0149098
 Epoch = 100,  Loss: 0.010562389
 Epoch = 150,  Loss: 0.0076761995
 Epoch = 200,  Loss: 0.0055280817
 Epoch = 250,  Loss: 0.0039310628
 Epoch = 299,  Loss: 0.002790199
--Update of pi--
   Epoch =  0 ,  Loss: 0.239193394780159
   Epoch =  19 ,  Loss: 0.21088474988937378
--Estimation of V--
 Epoch = 0,  Loss: 0.0027755636
 Epoch = 50,  Loss: 0.0029644484
 Epoch = 100,  Loss: 0.004441712
 Epoch = 150,  Loss: 0.006530031
 Epoch = 200,  Loss: 0.00874477
 Epoch = 250,  Loss: 0.009934195
 Epoch = 299,  Loss: 0.009726393
--Update of pi--
   Epoch =  0 ,  Loss: 0.20946627855300903
   Epoch =  19 ,  Loss: 0.18367667496204376
--Estimation of V--
 Epoch = 0,  Loss: 0.00971118
 Epoch = 50,  Loss: 0.00887326
 Epoch = 100,  Loss: 0.007682557
 Epoch = 150,  Loss: 0.0063861017
 Epoch = 200,  Loss: 0.0055441265
 Epoch = 250,  Loss: 0.0048839026
 Epoch = 299,  Loss: 0.004364926
--Update of pi--
   Epoch =  0 ,  Loss: 0.18306957185268402
   Epoch =  19 ,  Loss: 0.17002201080322266
--Estimation of V--
 Epoch = 0,  Loss: 0.004359985
 Epoch = 50,  Loss: 0.0051381304
 Epoch = 100,  Loss: 0.004747273
 Epoch = 150,  Loss: 0.0030671046
 Epoch = 200,  Loss: 0.0031019174
 Epoch = 250,  Loss: 0.0061529367
 Epoch = 299,  Loss: 0.011265491
--Update of pi--
   Epoch =  0 ,  Loss: 0.17223253846168518
   Epoch =  19 ,  Loss: 0.21557626128196716
--Estimation of V--
 Epoch = 0,  Loss: 0.01133411
 Epoch = 50,  Loss: 0.012200018
 Epoch = 100,  Loss: 0.009358079
 Epoch = 150,  Loss: 0.0071808654
 Epoch = 200,  Loss: 0.0055634407
 Epoch = 250,  Loss: 0.0042809816
 Epoch = 299,  Loss: 0.0032192722
--Update of pi--
   Epoch =  0 ,  Loss: 0.21461427211761475
   Epoch =  19 ,  Loss: 0.19527065753936768
--Estimation of V--
 Epoch = 0,  Loss: 0.0032034856
 Epoch = 50,  Loss: 0.003163079
 Epoch = 100,  Loss: 0.0045433473
 Epoch = 150,  Loss: 0.00618801
 Epoch = 200,  Loss: 0.00752287
 Epoch = 250,  Loss: 0.008323768
 Epoch = 299,  Loss: 0.00828054
--Update of pi--
   Epoch =  0 ,  Loss: 0.19389574229717255
   Epoch =  19 ,  Loss: 0.1688752919435501
--Estimation of V--
 Epoch = 0,  Loss: 0.0082728155
 Epoch = 50,  Loss: 0.007835425
 Epoch = 100,  Loss: 0.007079759
 Epoch = 150,  Loss: 0.006157118
 Epoch = 200,  Loss: 0.005481967
 Epoch = 250,  Loss: 0.004917601
 Epoch = 299,  Loss: 0.0044575995
--Update of pi--
   Epoch =  0 ,  Loss: 0.16849356889724731
   Epoch =  19 ,  Loss: 0.15978828072547913
*** Epoch =  200 completed, Duration =  4129.348 secs ***
--Estimation of V--
 Epoch = 0,  Loss: 0.004454462
 Epoch = 50,  Loss: 0.00525205
 Epoch = 100,  Loss: 0.004894312
 Epoch = 150,  Loss: 0.0032456454
 Epoch = 200,  Loss: 0.0029285469
 Epoch = 250,  Loss: 0.007829324
 Epoch = 299,  Loss: 0.011310159
--Update of pi--
   Epoch =  0 ,  Loss: 0.1624036282300949
   Epoch =  19 ,  Loss: 0.21346603333950043
--Estimation of V--
 Epoch = 0,  Loss: 0.011352706
 Epoch = 50,  Loss: 0.008229096
 Epoch = 100,  Loss: 0.005230005
 Epoch = 150,  Loss: 0.0032110414
 Epoch = 200,  Loss: 0.002278876
 Epoch = 250,  Loss: 0.002537722
 Epoch = 299,  Loss: 0.0040826583
--Update of pi--
   Epoch =  0 ,  Loss: 0.21131372451782227
   Epoch =  19 ,  Loss: 0.1708706021308899
--Estimation of V--
 Epoch = 0,  Loss: 0.004123889
 Epoch = 50,  Loss: 0.006476667
 Epoch = 100,  Loss: 0.008131822
 Epoch = 150,  Loss: 0.0079876445
 Epoch = 200,  Loss: 0.006796482
 Epoch = 250,  Loss: 0.0057012695
 Epoch = 299,  Loss: 0.0048600184
--Update of pi--
   Epoch =  0 ,  Loss: 0.1692010760307312
   Epoch =  19 ,  Loss: 0.1376926153898239
--Estimation of V--
 Epoch = 0,  Loss: 0.004848747
 Epoch = 50,  Loss: 0.0048329886
 Epoch = 100,  Loss: 0.004253941
 Epoch = 150,  Loss: 0.008327562
 Epoch = 200,  Loss: 0.010406894
 Epoch = 250,  Loss: 0.0056573264
 Epoch = 299,  Loss: 0.003110406
--Update of pi--
   Epoch =  0 ,  Loss: 0.13964545726776123
   Epoch =  19 ,  Loss: 0.17666251957416534
--Estimation of V--
 Epoch = 0,  Loss: 0.0030785834
 Epoch = 50,  Loss: 0.002248013
 Epoch = 100,  Loss: 0.0023927742
 Epoch = 150,  Loss: 0.0033908852
 Epoch = 200,  Loss: 0.0052377544
 Epoch = 250,  Loss: 0.0075799497
 Epoch = 299,  Loss: 0.008782307
--Update of pi--
   Epoch =  0 ,  Loss: 0.17675165832042694
   Epoch =  19 ,  Loss: 0.17988887429237366
--Estimation of V--
 Epoch = 0,  Loss: 0.008788656
 Epoch = 50,  Loss: 0.008150382
 Epoch = 100,  Loss: 0.0065010707
 Epoch = 150,  Loss: 0.0047588875
 Epoch = 200,  Loss: 0.0037823305
 Epoch = 250,  Loss: 0.008420859
 Epoch = 299,  Loss: 0.009853365
--Update of pi--
   Epoch =  0 ,  Loss: 0.1801770031452179
   Epoch =  19 ,  Loss: 0.18551327288150787
--Estimation of V--
 Epoch = 0,  Loss: 0.00984824
 Epoch = 50,  Loss: 0.0047395322
 Epoch = 100,  Loss: 0.002783838
 Epoch = 150,  Loss: 0.0026644254
 Epoch = 200,  Loss: 0.0036378314
 Epoch = 250,  Loss: 0.0052896645
 Epoch = 299,  Loss: 0.0068384623
--Update of pi--
   Epoch =  0 ,  Loss: 0.1856343150138855
   Epoch =  19 ,  Loss: 0.18777848780155182
--Estimation of V--
 Epoch = 0,  Loss: 0.006873037
 Epoch = 50,  Loss: 0.008436867
 Epoch = 100,  Loss: 0.008518801
 Epoch = 150,  Loss: 0.0068297368
 Epoch = 200,  Loss: 0.005268277
 Epoch = 250,  Loss: 0.00402515
 Epoch = 299,  Loss: 0.0035937703
--Update of pi--
   Epoch =  0 ,  Loss: 0.18853119015693665
   Epoch =  19 ,  Loss: 0.20378097891807556
--Estimation of V--
 Epoch = 0,  Loss: 0.0036155772
 Epoch = 50,  Loss: 0.009900288
 Epoch = 100,  Loss: 0.011707536
 Epoch = 150,  Loss: 0.005398635
 Epoch = 200,  Loss: 0.0029981805
 Epoch = 250,  Loss: 0.0023423755
 Epoch = 299,  Loss: 0.0024078821
--Update of pi--
   Epoch =  0 ,  Loss: 0.2032761573791504
   Epoch =  19 ,  Loss: 0.19284263253211975
--Estimation of V--
 Epoch = 0,  Loss: 0.0024126647
 Epoch = 50,  Loss: 0.008003327
 Epoch = 100,  Loss: 0.012999304
 Epoch = 150,  Loss: 0.010746282
 Epoch = 200,  Loss: 0.008786574
 Epoch = 250,  Loss: 0.008554403
 Epoch = 299,  Loss: 0.0077060764
--Update of pi--
   Epoch =  0 ,  Loss: 0.19300252199172974
   Epoch =  19 ,  Loss: 0.19593545794487
--Estimation of V--
 Epoch = 0,  Loss: 0.0076846117
 Epoch = 50,  Loss: 0.007006764
 Epoch = 100,  Loss: 0.0060898173
 Epoch = 150,  Loss: 0.0048101847
 Epoch = 200,  Loss: 0.0041062157
 Epoch = 250,  Loss: 0.0035307761
 Epoch = 299,  Loss: 0.0030670897
--Update of pi--
   Epoch =  0 ,  Loss: 0.19295626878738403
   Epoch =  19 ,  Loss: 0.13564163446426392
--Estimation of V--
 Epoch = 0,  Loss: 0.0030633197
 Epoch = 50,  Loss: 0.0037082455
 Epoch = 100,  Loss: 0.009350273
 Epoch = 150,  Loss: 0.013004038
 Epoch = 200,  Loss: 0.008946724
 Epoch = 250,  Loss: 0.0047614016
 Epoch = 299,  Loss: 0.0029841654
--Update of pi--
   Epoch =  0 ,  Loss: 0.1373056173324585
   Epoch =  19 ,  Loss: 0.1685548573732376
--Estimation of V--
 Epoch = 0,  Loss: 0.0029620146
 Epoch = 50,  Loss: 0.0024174107
 Epoch = 100,  Loss: 0.002570065
 Epoch = 150,  Loss: 0.0031785173
 Epoch = 200,  Loss: 0.0042584417
 Epoch = 250,  Loss: 0.0055917175
 Epoch = 299,  Loss: 0.0067480817
--Update of pi--
   Epoch =  0 ,  Loss: 0.1679483950138092
   Epoch =  19 ,  Loss: 0.1565866768360138
--Estimation of V--
 Epoch = 0,  Loss: 0.006761845
 Epoch = 50,  Loss: 0.0070564006
 Epoch = 100,  Loss: 0.0072420062
 Epoch = 150,  Loss: 0.007525818
 Epoch = 200,  Loss: 0.0069270004
 Epoch = 250,  Loss: 0.005840497
 Epoch = 299,  Loss: 0.0047844364
--Update of pi--
   Epoch =  0 ,  Loss: 0.15469971299171448
   Epoch =  19 ,  Loss: 0.11873514950275421
--Estimation of V--
 Epoch = 0,  Loss: 0.004769311
 Epoch = 50,  Loss: 0.0046675634
 Epoch = 100,  Loss: 0.0061747045
 Epoch = 150,  Loss: 0.011020844
 Epoch = 200,  Loss: 0.011130702
 Epoch = 250,  Loss: 0.0058788424
 Epoch = 299,  Loss: 0.0035604476
--Update of pi--
   Epoch =  0 ,  Loss: 0.12059035897254944
   Epoch =  19 ,  Loss: 0.15556472539901733
--Estimation of V--
 Epoch = 0,  Loss: 0.0035296658
 Epoch = 50,  Loss: 0.0025174678
 Epoch = 100,  Loss: 0.0020265668
 Epoch = 150,  Loss: 0.0018208717
 Epoch = 200,  Loss: 0.0019498669
 Epoch = 250,  Loss: 0.0023579416
 Epoch = 299,  Loss: 0.0030375507
--Update of pi--
   Epoch =  0 ,  Loss: 0.15667007863521576
   Epoch =  19 ,  Loss: 0.17835305631160736
--Estimation of V--
 Epoch = 0,  Loss: 0.0030625144
 Epoch = 50,  Loss: 0.0056027616
 Epoch = 100,  Loss: 0.00831559
 Epoch = 150,  Loss: 0.008521247
 Epoch = 200,  Loss: 0.007960117
 Epoch = 250,  Loss: 0.0078119105
 Epoch = 299,  Loss: 0.0073852944
--Update of pi--
   Epoch =  0 ,  Loss: 0.17662769556045532
   Epoch =  19 ,  Loss: 0.1435314118862152
--Estimation of V--
 Epoch = 0,  Loss: 0.0073734415
 Epoch = 50,  Loss: 0.0073242383
 Epoch = 100,  Loss: 0.006528467
 Epoch = 150,  Loss: 0.0047907517
 Epoch = 200,  Loss: 0.0038275826
 Epoch = 250,  Loss: 0.003610347
 Epoch = 299,  Loss: 0.010183348
--Update of pi--
   Epoch =  0 ,  Loss: 0.14739111065864563
   Epoch =  19 ,  Loss: 0.22019647061824799
--Estimation of V--
 Epoch = 0,  Loss: 0.010366439
 Epoch = 50,  Loss: 0.015641522
 Epoch = 100,  Loss: 0.010502255
 Epoch = 150,  Loss: 0.005141118
 Epoch = 200,  Loss: 0.0034068918
 Epoch = 250,  Loss: 0.0034453783
 Epoch = 299,  Loss: 0.0042729857
--Update of pi--
   Epoch =  0 ,  Loss: 0.22102238237857819
   Epoch =  19 ,  Loss: 0.23779548704624176
--Estimation of V--
 Epoch = 0,  Loss: 0.0043048863
 Epoch = 50,  Loss: 0.007104329
 Epoch = 100,  Loss: 0.009479892
 Epoch = 150,  Loss: 0.008792188
 Epoch = 200,  Loss: 0.007934915
 Epoch = 250,  Loss: 0.007818337
 Epoch = 299,  Loss: 0.007279934
--Update of pi--
   Epoch =  0 ,  Loss: 0.23595719039440155
   Epoch =  19 ,  Loss: 0.20049388706684113
--Estimation of V--
 Epoch = 0,  Loss: 0.007270079
 Epoch = 50,  Loss: 0.007825232
 Epoch = 100,  Loss: 0.0072306003
 Epoch = 150,  Loss: 0.0051480527
 Epoch = 200,  Loss: 0.004260349
 Epoch = 250,  Loss: 0.0035032409
 Epoch = 299,  Loss: 0.0029046352
--Update of pi--
   Epoch =  0 ,  Loss: 0.1993555873632431
   Epoch =  19 ,  Loss: 0.17731823027133942
--Estimation of V--
 Epoch = 0,  Loss: 0.0029007944
 Epoch = 50,  Loss: 0.0036033634
 Epoch = 100,  Loss: 0.011625652
 Epoch = 150,  Loss: 0.0178858
 Epoch = 200,  Loss: 0.012521643
 Epoch = 250,  Loss: 0.0060614077
 Epoch = 299,  Loss: 0.0034679503
--Update of pi--
   Epoch =  0 ,  Loss: 0.17938199639320374
   Epoch =  19 ,  Loss: 0.21855781972408295
--Estimation of V--
 Epoch = 0,  Loss: 0.0034377195
 Epoch = 50,  Loss: 0.0028732396
 Epoch = 100,  Loss: 0.003006747
 Epoch = 150,  Loss: 0.0033684396
 Epoch = 200,  Loss: 0.004253706
 Epoch = 250,  Loss: 0.0053560263
 Epoch = 299,  Loss: 0.0065076784
--Update of pi--
   Epoch =  0 ,  Loss: 0.21469686925411224
   Epoch =  19 ,  Loss: 0.1420166939496994
--Estimation of V--
 Epoch = 0,  Loss: 0.0065282704
 Epoch = 50,  Loss: 0.0072785662
 Epoch = 100,  Loss: 0.007761319
 Epoch = 150,  Loss: 0.008225992
 Epoch = 200,  Loss: 0.008097473
 Epoch = 250,  Loss: 0.0072325747
 Epoch = 299,  Loss: 0.006071602
--Update of pi--
   Epoch =  0 ,  Loss: 0.14131371676921844
   Epoch =  19 ,  Loss: 0.12646299600601196
--Estimation of V--
 Epoch = 0,  Loss: 0.0060551
 Epoch = 50,  Loss: 0.0063392376
 Epoch = 100,  Loss: 0.005536086
 Epoch = 150,  Loss: 0.005908109
 Epoch = 200,  Loss: 0.015382056
 Epoch = 250,  Loss: 0.016614817
 Epoch = 299,  Loss: 0.007860595
--Update of pi--
   Epoch =  0 ,  Loss: 0.12913748621940613
   Epoch =  19 ,  Loss: 0.18043388426303864
--Estimation of V--
 Epoch = 0,  Loss: 0.007740004
 Epoch = 50,  Loss: 0.0042100754
 Epoch = 100,  Loss: 0.0029389232
 Epoch = 150,  Loss: 0.0023882473
 Epoch = 200,  Loss: 0.0022847808
 Epoch = 250,  Loss: 0.002401596
 Epoch = 299,  Loss: 0.0026783394
--Update of pi--
   Epoch =  0 ,  Loss: 0.18187302350997925
   Epoch =  19 ,  Loss: 0.20947347581386566
--Estimation of V--
 Epoch = 0,  Loss: 0.0026966596
 Epoch = 50,  Loss: 0.0045803743
 Epoch = 100,  Loss: 0.006784212
 Epoch = 150,  Loss: 0.0077974354
 Epoch = 200,  Loss: 0.0087298425
 Epoch = 250,  Loss: 0.0094931815
 Epoch = 299,  Loss: 0.009620309
--Update of pi--
   Epoch =  0 ,  Loss: 0.20757819712162018
   Epoch =  19 ,  Loss: 0.17156490683555603
--Estimation of V--
 Epoch = 0,  Loss: 0.009618823
 Epoch = 50,  Loss: 0.010062072
 Epoch = 100,  Loss: 0.009187504
 Epoch = 150,  Loss: 0.0069816704
 Epoch = 200,  Loss: 0.0057133897
 Epoch = 250,  Loss: 0.0046091843
 Epoch = 299,  Loss: 0.0036677646
--Update of pi--
   Epoch =  0 ,  Loss: 0.17132627964019775
   Epoch =  19 ,  Loss: 0.1656419336795807
--Estimation of V--
 Epoch = 0,  Loss: 0.0036560358
 Epoch = 50,  Loss: 0.00357519
 Epoch = 100,  Loss: 0.0070555657
 Epoch = 150,  Loss: 0.019181818
 Epoch = 200,  Loss: 0.022574844
 Epoch = 250,  Loss: 0.012202565
 Epoch = 299,  Loss: 0.0059885453
--Update of pi--
   Epoch =  0 ,  Loss: 0.16857481002807617
   Epoch =  19 ,  Loss: 0.2249106764793396
--Estimation of V--
 Epoch = 0,  Loss: 0.0059215813
 Epoch = 50,  Loss: 0.0039066677
 Epoch = 100,  Loss: 0.0030419717
 Epoch = 150,  Loss: 0.0028021666
 Epoch = 200,  Loss: 0.0032307487
 Epoch = 250,  Loss: 0.0039692004
 Epoch = 299,  Loss: 0.004894116
--Update of pi--
   Epoch =  0 ,  Loss: 0.2226972132921219
   Epoch =  19 ,  Loss: 0.18131175637245178
--Estimation of V--
 Epoch = 0,  Loss: 0.0049224487
 Epoch = 50,  Loss: 0.0066720336
 Epoch = 100,  Loss: 0.0084478725
 Epoch = 150,  Loss: 0.009829235
 Epoch = 200,  Loss: 0.011125814
 Epoch = 250,  Loss: 0.011164401
 Epoch = 299,  Loss: 0.009966478
--Update of pi--
   Epoch =  0 ,  Loss: 0.1802569329738617
   Epoch =  19 ,  Loss: 0.15956196188926697
--Estimation of V--
 Epoch = 0,  Loss: 0.0099453535
 Epoch = 50,  Loss: 0.010385032
 Epoch = 100,  Loss: 0.009431825
 Epoch = 150,  Loss: 0.0064971084
 Epoch = 200,  Loss: 0.0050922427
 Epoch = 250,  Loss: 0.0039358414
 Epoch = 299,  Loss: 0.0043562083
--Update of pi--
   Epoch =  0 ,  Loss: 0.1604280322790146
   Epoch =  19 ,  Loss: 0.17736808955669403
--Estimation of V--
 Epoch = 0,  Loss: 0.0044176434
 Epoch = 50,  Loss: 0.021437695
 Epoch = 100,  Loss: 0.035950597
 Epoch = 150,  Loss: 0.02282896
 Epoch = 200,  Loss: 0.008388892
 Epoch = 250,  Loss: 0.004648508
 Epoch = 299,  Loss: 0.003463774
--Update of pi--
   Epoch =  0 ,  Loss: 0.17990481853485107
   Epoch =  19 ,  Loss: 0.2280920445919037
--Estimation of V--
 Epoch = 0,  Loss: 0.0034651828
 Epoch = 50,  Loss: 0.0051467256
 Epoch = 100,  Loss: 0.0070792735
 Epoch = 150,  Loss: 0.0077033173
 Epoch = 200,  Loss: 0.009102004
 Epoch = 250,  Loss: 0.010853632
 Epoch = 299,  Loss: 0.012213801
--Update of pi--
   Epoch =  0 ,  Loss: 0.2255856692790985
   Epoch =  19 ,  Loss: 0.17849628627300262
--Estimation of V--
 Epoch = 0,  Loss: 0.012235769
 Epoch = 50,  Loss: 0.013630896
 Epoch = 100,  Loss: 0.013036218
 Epoch = 150,  Loss: 0.010687441
 Epoch = 200,  Loss: 0.009327244
 Epoch = 250,  Loss: 0.008140005
 Epoch = 299,  Loss: 0.00714165
--Update of pi--
   Epoch =  0 ,  Loss: 0.1777956336736679
   Epoch =  19 ,  Loss: 0.16180871427059174
--Estimation of V--
 Epoch = 0,  Loss: 0.0071394844
 Epoch = 50,  Loss: 0.009447304
 Epoch = 100,  Loss: 0.009048146
 Epoch = 150,  Loss: 0.005004346
 Epoch = 200,  Loss: 0.0035560015
 Epoch = 250,  Loss: 0.003154511
 Epoch = 299,  Loss: 0.0053067035
--Update of pi--
   Epoch =  0 ,  Loss: 0.1623144894838333
   Epoch =  19 ,  Loss: 0.17286360263824463
--Estimation of V--
 Epoch = 0,  Loss: 0.005384888
 Epoch = 50,  Loss: 0.0104118455
 Epoch = 100,  Loss: 0.016806077
 Epoch = 150,  Loss: 0.022194497
 Epoch = 200,  Loss: 0.024238331
 Epoch = 250,  Loss: 0.019079147
 Epoch = 299,  Loss: 0.0109779965
--Update of pi--
   Epoch =  0 ,  Loss: 0.17575493454933167
   Epoch =  19 ,  Loss: 0.22814272344112396
--Estimation of V--
 Epoch = 0,  Loss: 0.010862583
 Epoch = 50,  Loss: 0.007320037
 Epoch = 100,  Loss: 0.0069237407
 Epoch = 150,  Loss: 0.009149978
 Epoch = 200,  Loss: 0.01209227
 Epoch = 250,  Loss: 0.012562624
 Epoch = 299,  Loss: 0.0111356005
--Update of pi--
   Epoch =  0 ,  Loss: 0.2261657565832138
   Epoch =  19 ,  Loss: 0.19018405675888062
--Estimation of V--
 Epoch = 0,  Loss: 0.011105822
 Epoch = 50,  Loss: 0.010508343
 Epoch = 100,  Loss: 0.011256376
 Epoch = 150,  Loss: 0.011229042
 Epoch = 200,  Loss: 0.0103349555
 Epoch = 250,  Loss: 0.009268887
 Epoch = 299,  Loss: 0.008341797
--Update of pi--
   Epoch =  0 ,  Loss: 0.18997164070606232
   Epoch =  19 ,  Loss: 0.18397898972034454
--Estimation of V--
 Epoch = 0,  Loss: 0.008339327
 Epoch = 50,  Loss: 0.011194335
 Epoch = 100,  Loss: 0.011307283
 Epoch = 150,  Loss: 0.007708965
 Epoch = 200,  Loss: 0.006934147
 Epoch = 250,  Loss: 0.006299857
 Epoch = 299,  Loss: 0.005730563
--Update of pi--
   Epoch =  0 ,  Loss: 0.18376773595809937
   Epoch =  19 ,  Loss: 0.1805773228406906
--Estimation of V--
 Epoch = 0,  Loss: 0.005726525
 Epoch = 50,  Loss: 0.0062548285
 Epoch = 100,  Loss: 0.0054524853
 Epoch = 150,  Loss: 0.0037335304
 Epoch = 200,  Loss: 0.00668221
 Epoch = 250,  Loss: 0.020898247
 Epoch = 299,  Loss: 0.02614368
--Update of pi--
   Epoch =  0 ,  Loss: 0.1851630061864853
   Epoch =  19 ,  Loss: 0.27130913734436035
--Estimation of V--
 Epoch = 0,  Loss: 0.026115283
 Epoch = 50,  Loss: 0.016037842
 Epoch = 100,  Loss: 0.009849056
 Epoch = 150,  Loss: 0.0064022737
 Epoch = 200,  Loss: 0.0048433514
 Epoch = 250,  Loss: 0.0052092494
 Epoch = 299,  Loss: 0.0064060176
--Update of pi--
   Epoch =  0 ,  Loss: 0.27046284079551697
   Epoch =  19 ,  Loss: 0.2561585605144501
--Estimation of V--
 Epoch = 0,  Loss: 0.006466226
 Epoch = 50,  Loss: 0.014761242
 Epoch = 100,  Loss: 0.019980198
 Epoch = 150,  Loss: 0.0155073535
 Epoch = 200,  Loss: 0.012137624
 Epoch = 250,  Loss: 0.012095329
 Epoch = 299,  Loss: 0.013066703
--Update of pi--
   Epoch =  0 ,  Loss: 0.25596553087234497
   Epoch =  19 ,  Loss: 0.2514844834804535
--Estimation of V--
 Epoch = 0,  Loss: 0.01307266
 Epoch = 50,  Loss: 0.013783164
 Epoch = 100,  Loss: 0.012989514
 Epoch = 150,  Loss: 0.010568567
 Epoch = 200,  Loss: 0.009375128
 Epoch = 250,  Loss: 0.008461187
 Epoch = 299,  Loss: 0.0076956106
--Update of pi--
   Epoch =  0 ,  Loss: 0.25116869807243347
   Epoch =  19 ,  Loss: 0.24534107744693756
--Estimation of V--
 Epoch = 0,  Loss: 0.0076936935
 Epoch = 50,  Loss: 0.009375886
 Epoch = 100,  Loss: 0.008838033
 Epoch = 150,  Loss: 0.005432453
 Epoch = 200,  Loss: 0.0040065954
 Epoch = 250,  Loss: 0.0032178352
 Epoch = 299,  Loss: 0.004556843
--Update of pi--
   Epoch =  0 ,  Loss: 0.24725064635276794
   Epoch =  19 ,  Loss: 0.2847316861152649
--Estimation of V--
 Epoch = 0,  Loss: 0.004635346
 Epoch = 50,  Loss: 0.021750305
 Epoch = 100,  Loss: 0.034369234
 Epoch = 150,  Loss: 0.020694496
 Epoch = 200,  Loss: 0.01365734
 Epoch = 250,  Loss: 0.01413393
 Epoch = 299,  Loss: 0.012972227
--Update of pi--
   Epoch =  0 ,  Loss: 0.2854025959968567
   Epoch =  19 ,  Loss: 0.2958700656890869
--Estimation of V--
 Epoch = 0,  Loss: 0.012847948
 Epoch = 50,  Loss: 0.02226803
 Epoch = 100,  Loss: 0.028241813
 Epoch = 150,  Loss: 0.029202344
 Epoch = 200,  Loss: 0.0311383
 Epoch = 250,  Loss: 0.027061183
 Epoch = 299,  Loss: 0.019402632
--Update of pi--
   Epoch =  0 ,  Loss: 0.2931189239025116
   Epoch =  19 ,  Loss: 0.2428911328315735
--Estimation of V--
 Epoch = 0,  Loss: 0.019242136
 Epoch = 50,  Loss: 0.012517336
 Epoch = 100,  Loss: 0.009814516
 Epoch = 150,  Loss: 0.010235204
 Epoch = 200,  Loss: 0.011169222
 Epoch = 250,  Loss: 0.011373618
 Epoch = 299,  Loss: 0.010952212
--Update of pi--
   Epoch =  0 ,  Loss: 0.2429729402065277
   Epoch =  19 ,  Loss: 0.24216017127037048
--Estimation of V--
 Epoch = 0,  Loss: 0.010961321
 Epoch = 50,  Loss: 0.015804034
 Epoch = 100,  Loss: 0.016881067
 Epoch = 150,  Loss: 0.011723931
 Epoch = 200,  Loss: 0.0100642685
 Epoch = 250,  Loss: 0.009110717
 Epoch = 299,  Loss: 0.008434481
--Update of pi--
   Epoch =  0 ,  Loss: 0.24216759204864502
   Epoch =  19 ,  Loss: 0.2422567754983902
--Estimation of V--
 Epoch = 0,  Loss: 0.008435216
 Epoch = 50,  Loss: 0.010612526
 Epoch = 100,  Loss: 0.010687601
 Epoch = 150,  Loss: 0.0075055086
 Epoch = 200,  Loss: 0.006157724
 Epoch = 250,  Loss: 0.005138766
 Epoch = 299,  Loss: 0.004309157
--Update of pi--
   Epoch =  0 ,  Loss: 0.2402178943157196
   Epoch =  19 ,  Loss: 0.20146600902080536
--Estimation of V--
 Epoch = 0,  Loss: 0.0042963414
 Epoch = 50,  Loss: 0.0038961926
 Epoch = 100,  Loss: 0.003978343
 Epoch = 150,  Loss: 0.007450366
 Epoch = 200,  Loss: 0.03281969
 Epoch = 250,  Loss: 0.030025704
 Epoch = 299,  Loss: 0.006280342
--Update of pi--
   Epoch =  0 ,  Loss: 0.19821351766586304
   Epoch =  19 ,  Loss: 0.13837352395057678
--Estimation of V--
 Epoch = 0,  Loss: 0.0062279506
 Epoch = 50,  Loss: 0.008904654
 Epoch = 100,  Loss: 0.039069667
 Epoch = 150,  Loss: 0.03934817
 Epoch = 200,  Loss: 0.011315512
 Epoch = 250,  Loss: 0.009971153
 Epoch = 299,  Loss: 0.007769732
--Update of pi--
   Epoch =  0 ,  Loss: 0.1383814960718155
   Epoch =  19 ,  Loss: 0.13733235001564026
--Estimation of V--
 Epoch = 0,  Loss: 0.0077510816
 Epoch = 50,  Loss: 0.008419855
 Epoch = 100,  Loss: 0.009899998
 Epoch = 150,  Loss: 0.010080691
 Epoch = 200,  Loss: 0.010314926
 Epoch = 250,  Loss: 0.010688135
 Epoch = 299,  Loss: 0.011070903
--Update of pi--
   Epoch =  0 ,  Loss: 0.13731974363327026
   Epoch =  19 ,  Loss: 0.1392911970615387
--Estimation of V--
 Epoch = 0,  Loss: 0.011073101
 Epoch = 50,  Loss: 0.010252384
 Epoch = 100,  Loss: 0.009109387
 Epoch = 150,  Loss: 0.008792134
 Epoch = 200,  Loss: 0.008485993
 Epoch = 250,  Loss: 0.008282956
 Epoch = 299,  Loss: 0.008297565
--Update of pi--
   Epoch =  0 ,  Loss: 0.1396906077861786
   Epoch =  19 ,  Loss: 0.14807887375354767
--Estimation of V--
 Epoch = 0,  Loss: 0.008305031
 Epoch = 50,  Loss: 0.010846596
 Epoch = 100,  Loss: 0.01272047
 Epoch = 150,  Loss: 0.011843425
 Epoch = 200,  Loss: 0.011185645
 Epoch = 250,  Loss: 0.033548784
 Epoch = 299,  Loss: 0.1250053
--Update of pi--
   Epoch =  0 ,  Loss: 0.1516006886959076
   Epoch =  19 ,  Loss: 0.21877901256084442
--Estimation of V--
 Epoch = 0,  Loss: 0.12535511
 Epoch = 50,  Loss: 0.10782333
 Epoch = 100,  Loss: 0.016521513
 Epoch = 150,  Loss: 0.009985244
 Epoch = 200,  Loss: 0.0071031926
 Epoch = 250,  Loss: 0.007605365
 Epoch = 299,  Loss: 0.13689989
--Update of pi--
   Epoch =  0 ,  Loss: 0.2373737394809723
   Epoch =  19 ,  Loss: 0.5882591009140015
--Estimation of V--
 Epoch = 0,  Loss: 0.14336823
 Epoch = 50,  Loss: 0.24356642
 Epoch = 100,  Loss: 0.12759008
 Epoch = 150,  Loss: 0.044931598
 Epoch = 200,  Loss: 0.04037583
 Epoch = 250,  Loss: 0.034800082
 Epoch = 299,  Loss: 0.032077923
--Update of pi--
   Epoch =  0 ,  Loss: 0.5890209078788757
   Epoch =  19 ,  Loss: 0.6046841144561768
--Estimation of V--
 Epoch = 0,  Loss: 0.03208926
 Epoch = 50,  Loss: 0.036586538
 Epoch = 100,  Loss: 0.039771035
 Epoch = 150,  Loss: 0.036240526
 Epoch = 200,  Loss: 0.033619046
 Epoch = 250,  Loss: 0.030717852
 Epoch = 299,  Loss: 0.027758123
--Update of pi--
   Epoch =  0 ,  Loss: 0.6055582761764526
   Epoch =  19 ,  Loss: 0.620597243309021
--Estimation of V--
 Epoch = 0,  Loss: 0.027677009
 Epoch = 50,  Loss: 0.024113424
 Epoch = 100,  Loss: 0.021115158
 Epoch = 150,  Loss: 0.021042919
 Epoch = 200,  Loss: 0.023279915
 Epoch = 250,  Loss: 0.026108546
 Epoch = 299,  Loss: 0.028772438
--Update of pi--
   Epoch =  0 ,  Loss: 0.6212050914764404
   Epoch =  19 ,  Loss: 0.630262017250061
--Estimation of V--
 Epoch = 0,  Loss: 0.02887205
 Epoch = 50,  Loss: 0.045451112
 Epoch = 100,  Loss: 0.053975753
 Epoch = 150,  Loss: 0.044983994
 Epoch = 200,  Loss: 0.04081686
 Epoch = 250,  Loss: 0.037209045
 Epoch = 299,  Loss: 0.034164265
--Update of pi--
   Epoch =  0 ,  Loss: 0.627267062664032
   Epoch =  19 ,  Loss: 0.567818820476532
--Estimation of V--
 Epoch = 0,  Loss: 0.034131624
 Epoch = 50,  Loss: 0.03706615
 Epoch = 100,  Loss: 0.036425695
 Epoch = 150,  Loss: 0.02873814
 Epoch = 200,  Loss: 0.024101349
 Epoch = 250,  Loss: 0.020656588
 Epoch = 299,  Loss: 0.017982794
--Update of pi--
   Epoch =  0 ,  Loss: 0.5463584661483765
   Epoch =  19 ,  Loss: 0.14157746732234955
--Estimation of V--
 Epoch = 0,  Loss: 0.017934086
 Epoch = 50,  Loss: 0.016254501
 Epoch = 100,  Loss: 0.014283891
 Epoch = 150,  Loss: 0.011717881
 Epoch = 200,  Loss: 0.009812427
 Epoch = 250,  Loss: 0.008275876
 Epoch = 299,  Loss: 0.007051441
--Update of pi--
   Epoch =  0 ,  Loss: 0.1401461809873581
   Epoch =  19 ,  Loss: 0.11119542270898819
--Estimation of V--
 Epoch = 0,  Loss: 0.0070303855
 Epoch = 50,  Loss: 0.006714718
 Epoch = 100,  Loss: 0.006323114
 Epoch = 150,  Loss: 0.005276451
 Epoch = 200,  Loss: 0.004570709
 Epoch = 250,  Loss: 0.0041150223
 Epoch = 299,  Loss: 0.0039336737
--Update of pi--
   Epoch =  0 ,  Loss: 0.11015131324529648
   Epoch =  19 ,  Loss: 0.09074412286281586
--Estimation of V--
 Epoch = 0,  Loss: 0.0039298
 Epoch = 50,  Loss: 0.0043748803
 Epoch = 100,  Loss: 0.0043485733
 Epoch = 150,  Loss: 0.003979677
 Epoch = 200,  Loss: 0.00457606
 Epoch = 250,  Loss: 0.0059144963
 Epoch = 299,  Loss: 0.007956635
--Update of pi--
   Epoch =  0 ,  Loss: 0.0921996608376503
   Epoch =  19 ,  Loss: 0.12069658190011978
--Estimation of V--
 Epoch = 0,  Loss: 0.00800503
 Epoch = 50,  Loss: 0.010134575
 Epoch = 100,  Loss: 0.012416512
 Epoch = 150,  Loss: 0.024796676
 Epoch = 200,  Loss: 0.07231555
 Epoch = 250,  Loss: 0.06290139
 Epoch = 299,  Loss: 0.010932557
--Update of pi--
   Epoch =  0 ,  Loss: 0.12211095541715622
   Epoch =  19 ,  Loss: 0.15005062520503998
--Estimation of V--
 Epoch = 0,  Loss: 0.010426075
 Epoch = 50,  Loss: 0.0043704384
 Epoch = 100,  Loss: 0.0052967602
 Epoch = 150,  Loss: 0.005419489
 Epoch = 200,  Loss: 0.0054291175
 Epoch = 250,  Loss: 0.012159568
 Epoch = 299,  Loss: 0.08602357
--Update of pi--
   Epoch =  0 ,  Loss: 0.1544915735721588
   Epoch =  19 ,  Loss: 0.23711103200912476
--Estimation of V--
 Epoch = 0,  Loss: 0.08674669
 Epoch = 50,  Loss: 0.13856034
 Epoch = 100,  Loss: 0.13321947
 Epoch = 150,  Loss: 0.13473192
 Epoch = 200,  Loss: 0.11337967
 Epoch = 250,  Loss: 0.09031988
 Epoch = 299,  Loss: 0.06967002
--Update of pi--
   Epoch =  0 ,  Loss: 0.23806339502334595
   Epoch =  19 ,  Loss: 0.257009357213974
--Estimation of V--
 Epoch = 0,  Loss: 0.06925251
 Epoch = 50,  Loss: 0.04475611
 Epoch = 100,  Loss: 0.026328953
 Epoch = 150,  Loss: 0.01935295
 Epoch = 200,  Loss: 0.013902367
 Epoch = 250,  Loss: 0.010393933
 Epoch = 299,  Loss: 0.008767942
--Update of pi--
   Epoch =  0 ,  Loss: 0.25762683153152466
   Epoch =  19 ,  Loss: 0.2670016288757324
--Estimation of V--
 Epoch = 0,  Loss: 0.008776283
 Epoch = 50,  Loss: 0.017715173
 Epoch = 100,  Loss: 0.022601739
 Epoch = 150,  Loss: 0.017766465
 Epoch = 200,  Loss: 0.016964292
 Epoch = 250,  Loss: 0.016244233
 Epoch = 299,  Loss: 0.015607562
--Update of pi--
   Epoch =  0 ,  Loss: 0.26487523317337036
   Epoch =  19 ,  Loss: 0.22417259216308594
--Estimation of V--
 Epoch = 0,  Loss: 0.01563731
 Epoch = 50,  Loss: 0.025704997
 Epoch = 100,  Loss: 0.030172158
 Epoch = 150,  Loss: 0.022722047
 Epoch = 200,  Loss: 0.02006416
 Epoch = 250,  Loss: 0.018192176
 Epoch = 299,  Loss: 0.016765242
--Update of pi--
   Epoch =  0 ,  Loss: 0.22235852479934692
   Epoch =  19 ,  Loss: 0.18770408630371094
--Estimation of V--
 Epoch = 0,  Loss: 0.016748026
 Epoch = 50,  Loss: 0.0172435
 Epoch = 100,  Loss: 0.016202852
 Epoch = 150,  Loss: 0.0130318105
 Epoch = 200,  Loss: 0.0113052735
 Epoch = 250,  Loss: 0.009963358
 Epoch = 299,  Loss: 0.008869924
--Update of pi--
   Epoch =  0 ,  Loss: 0.18300111591815948
   Epoch =  19 ,  Loss: 0.09581909328699112
--Estimation of V--
 Epoch = 0,  Loss: 0.008848709
 Epoch = 50,  Loss: 0.007821202
 Epoch = 100,  Loss: 0.006770373
 Epoch = 150,  Loss: 0.005867484
 Epoch = 200,  Loss: 0.0052190656
 Epoch = 250,  Loss: 0.004725635
 Epoch = 299,  Loss: 0.0043631224
--Update of pi--
   Epoch =  0 ,  Loss: 0.09462644904851913
   Epoch =  19 ,  Loss: 0.07140172272920609
--Estimation of V--
 Epoch = 0,  Loss: 0.0043568364
 Epoch = 50,  Loss: 0.004189577
 Epoch = 100,  Loss: 0.0040271487
 Epoch = 150,  Loss: 0.003801515
 Epoch = 200,  Loss: 0.0036988778
 Epoch = 250,  Loss: 0.0036814765
 Epoch = 299,  Loss: 0.0037365211
--Update of pi--
   Epoch =  0 ,  Loss: 0.07027745991945267
   Epoch =  19 ,  Loss: 0.0520569272339344
--Estimation of V--
 Epoch = 0,  Loss: 0.0037360084
 Epoch = 50,  Loss: 0.0036482296
 Epoch = 100,  Loss: 0.003411079
 Epoch = 150,  Loss: 0.0033510607
 Epoch = 200,  Loss: 0.0034763045
 Epoch = 250,  Loss: 0.0036458173
 Epoch = 299,  Loss: 0.0038123345
--Update of pi--
   Epoch =  0 ,  Loss: 0.05180836096405983
   Epoch =  19 ,  Loss: 0.048575691878795624
--Estimation of V--
 Epoch = 0,  Loss: 0.0038139636
 Epoch = 50,  Loss: 0.004001944
 Epoch = 100,  Loss: 0.003551599
 Epoch = 150,  Loss: 0.0030486712
 Epoch = 200,  Loss: 0.0031986611
 Epoch = 250,  Loss: 0.0033943262
 Epoch = 299,  Loss: 0.0035914162
--Update of pi--
   Epoch =  0 ,  Loss: 0.04918681085109711
   Epoch =  19 ,  Loss: 0.06051520258188248
--Estimation of V--
 Epoch = 0,  Loss: 0.003596213
 Epoch = 50,  Loss: 0.004030342
 Epoch = 100,  Loss: 0.0037360904
 Epoch = 150,  Loss: 0.0031013507
 Epoch = 200,  Loss: 0.003096525
 Epoch = 250,  Loss: 0.003104646
 Epoch = 299,  Loss: 0.003135349
--Update of pi--
   Epoch =  0 ,  Loss: 0.061753321439027786
   Epoch =  19 ,  Loss: 0.08514383435249329
--Estimation of V--
 Epoch = 0,  Loss: 0.0031413278
 Epoch = 50,  Loss: 0.0038899013
 Epoch = 100,  Loss: 0.0050508436
 Epoch = 150,  Loss: 0.0062130596
 Epoch = 200,  Loss: 0.008107065
 Epoch = 250,  Loss: 0.011163805
 Epoch = 299,  Loss: 0.01559772
--Update of pi--
   Epoch =  0 ,  Loss: 0.08631321787834167
   Epoch =  19 ,  Loss: 0.10870955139398575
--Estimation of V--
 Epoch = 0,  Loss: 0.015691472
 Epoch = 50,  Loss: 0.018234944
 Epoch = 100,  Loss: 0.01676507
 Epoch = 150,  Loss: 0.0131530175
 Epoch = 200,  Loss: 0.010980431
 Epoch = 250,  Loss: 0.011740552
 Epoch = 299,  Loss: 0.0119997645
--Update of pi--
   Epoch =  0 ,  Loss: 0.10956794023513794
   Epoch =  19 ,  Loss: 0.12455461174249649
--Estimation of V--
 Epoch = 0,  Loss: 0.012008034
 Epoch = 50,  Loss: 0.016712314
 Epoch = 100,  Loss: 0.016945748
 Epoch = 150,  Loss: 0.010823754
 Epoch = 200,  Loss: 0.008981331
 Epoch = 250,  Loss: 0.007959675
 Epoch = 299,  Loss: 0.007249621
--Update of pi--
   Epoch =  0 ,  Loss: 0.12452622503042221
   Epoch =  19 ,  Loss: 0.1232786476612091
--Estimation of V--
 Epoch = 0,  Loss: 0.0072579063
 Epoch = 50,  Loss: 0.0123902885
 Epoch = 100,  Loss: 0.01366553
 Epoch = 150,  Loss: 0.008425695
 Epoch = 200,  Loss: 0.0066670245
 Epoch = 250,  Loss: 0.005453154
 Epoch = 299,  Loss: 0.004466084
--Update of pi--
   Epoch =  0 ,  Loss: 0.12267643958330154
   Epoch =  19 ,  Loss: 0.11382909119129181
--Estimation of V--
 Epoch = 0,  Loss: 0.004448234
 Epoch = 50,  Loss: 0.0037681723
 Epoch = 100,  Loss: 0.005017397
 Epoch = 150,  Loss: 0.05868816
 Epoch = 200,  Loss: 0.10324333
 Epoch = 250,  Loss: 0.049748536
 Epoch = 299,  Loss: 0.004023113
--Update of pi--
   Epoch =  0 ,  Loss: 0.11405865848064423
   Epoch =  19 ,  Loss: 0.11784050613641739
--Estimation of V--
 Epoch = 0,  Loss: 0.0039673904
 Epoch = 50,  Loss: 0.0036262295
 Epoch = 100,  Loss: 0.0033856202
 Epoch = 150,  Loss: 0.0035684323
 Epoch = 200,  Loss: 0.0039733164
 Epoch = 250,  Loss: 0.005544317
 Epoch = 299,  Loss: 0.010179993
--Update of pi--
   Epoch =  0 ,  Loss: 0.1225384771823883
   Epoch =  19 ,  Loss: 0.20893050730228424
--Estimation of V--
 Epoch = 0,  Loss: 0.010348217
 Epoch = 50,  Loss: 0.038396727
 Epoch = 100,  Loss: 0.20278765
 Epoch = 150,  Loss: 0.18954039
 Epoch = 200,  Loss: 0.035638876
 Epoch = 250,  Loss: 0.045492552
 Epoch = 299,  Loss: 0.0544812
--Update of pi--
   Epoch =  0 ,  Loss: 0.20937375724315643
   Epoch =  19 ,  Loss: 0.22049227356910706
--Estimation of V--
 Epoch = 0,  Loss: 0.054479316
 Epoch = 50,  Loss: 0.057651907
 Epoch = 100,  Loss: 0.058528867
 Epoch = 150,  Loss: 0.051426932
 Epoch = 200,  Loss: 0.044988785
 Epoch = 250,  Loss: 0.039009977
 Epoch = 299,  Loss: 0.03393314
--Update of pi--
   Epoch =  0 ,  Loss: 0.22112596035003662
   Epoch =  19 ,  Loss: 0.2348514199256897
--Estimation of V--
 Epoch = 0,  Loss: 0.033817057
 Epoch = 50,  Loss: 0.02553596
 Epoch = 100,  Loss: 0.018580858
 Epoch = 150,  Loss: 0.016661532
 Epoch = 200,  Loss: 0.015072592
 Epoch = 250,  Loss: 0.01369
 Epoch = 299,  Loss: 0.012594836
--Update of pi--
   Epoch =  0 ,  Loss: 0.23568829894065857
   Epoch =  19 ,  Loss: 0.24930305778980255
--Estimation of V--
 Epoch = 0,  Loss: 0.012571134
 Epoch = 50,  Loss: 0.012967496
 Epoch = 100,  Loss: 0.01319248
 Epoch = 150,  Loss: 0.012898921
 Epoch = 200,  Loss: 0.013627198
 Epoch = 250,  Loss: 0.014325173
 Epoch = 299,  Loss: 0.014893335
--Update of pi--
   Epoch =  0 ,  Loss: 0.24865274131298065
   Epoch =  19 ,  Loss: 0.23520652949810028
--Estimation of V--
 Epoch = 0,  Loss: 0.014925117
 Epoch = 50,  Loss: 0.022040613
 Epoch = 100,  Loss: 0.025694292
 Epoch = 150,  Loss: 0.02123727
 Epoch = 200,  Loss: 0.019039486
 Epoch = 250,  Loss: 0.017383315
 Epoch = 299,  Loss: 0.016104722
--Update of pi--
   Epoch =  0 ,  Loss: 0.22981254756450653
   Epoch =  19 ,  Loss: 0.12819042801856995
--Estimation of V--
 Epoch = 0,  Loss: 0.01609889
 Epoch = 50,  Loss: 0.020074436
 Epoch = 100,  Loss: 0.02145446
 Epoch = 150,  Loss: 0.016493024
 Epoch = 200,  Loss: 0.013177717
 Epoch = 250,  Loss: 0.010377264
 Epoch = 299,  Loss: 0.008084653
--Update of pi--
   Epoch =  0 ,  Loss: 0.12742112576961517
   Epoch =  19 ,  Loss: 0.11220245063304901
--Estimation of V--
 Epoch = 0,  Loss: 0.00804337
 Epoch = 50,  Loss: 0.0064973
 Epoch = 100,  Loss: 0.0053267293
 Epoch = 150,  Loss: 0.004229249
 Epoch = 200,  Loss: 0.0038192957
 Epoch = 250,  Loss: 0.0046788095
 Epoch = 299,  Loss: 0.0077566276
--Update of pi--
   Epoch =  0 ,  Loss: 0.11603875458240509
   Epoch =  19 ,  Loss: 0.18669328093528748
--Estimation of V--
 Epoch = 0,  Loss: 0.007862088
 Epoch = 50,  Loss: 0.01483737
 Epoch = 100,  Loss: 0.120677814
 Epoch = 150,  Loss: 0.15408301
 Epoch = 200,  Loss: 0.04839326
 Epoch = 250,  Loss: 0.008739146
 Epoch = 299,  Loss: 0.006911457
--Update of pi--
   Epoch =  0 ,  Loss: 0.18693339824676514
   Epoch =  19 ,  Loss: 0.1934957355260849
--Estimation of V--
 Epoch = 0,  Loss: 0.006947753
 Epoch = 50,  Loss: 0.009113459
 Epoch = 100,  Loss: 0.011083351
 Epoch = 150,  Loss: 0.010372697
 Epoch = 200,  Loss: 0.009503423
 Epoch = 250,  Loss: 0.008820082
 Epoch = 299,  Loss: 0.0082897255
--Update of pi--
   Epoch =  0 ,  Loss: 0.19379611313343048
   Epoch =  19 ,  Loss: 0.20175933837890625
--Estimation of V--
 Epoch = 0,  Loss: 0.008282144
 Epoch = 50,  Loss: 0.007931408
 Epoch = 100,  Loss: 0.007711986
 Epoch = 150,  Loss: 0.007578954
 Epoch = 200,  Loss: 0.007620605
 Epoch = 250,  Loss: 0.0079601
 Epoch = 299,  Loss: 0.008771815
--Update of pi--
   Epoch =  0 ,  Loss: 0.2022339403629303
   Epoch =  19 ,  Loss: 0.21283464133739471
--Estimation of V--
 Epoch = 0,  Loss: 0.008787936
 Epoch = 50,  Loss: 0.00905538
 Epoch = 100,  Loss: 0.009077804
 Epoch = 150,  Loss: 0.009640288
 Epoch = 200,  Loss: 0.010060933
 Epoch = 250,  Loss: 0.010481712
 Epoch = 299,  Loss: 0.011167087
--Update of pi--
   Epoch =  0 ,  Loss: 0.21319755911827087
   Epoch =  19 ,  Loss: 0.21821445226669312
--Estimation of V--
 Epoch = 0,  Loss: 0.011192583
 Epoch = 50,  Loss: 0.01615263
 Epoch = 100,  Loss: 0.019905366
 Epoch = 150,  Loss: 0.019086486
 Epoch = 200,  Loss: 0.01875651
 Epoch = 250,  Loss: 0.01814799
 Epoch = 299,  Loss: 0.017376242
--Update of pi--
   Epoch =  0 ,  Loss: 0.21393316984176636
   Epoch =  19 ,  Loss: 0.134100541472435
--Estimation of V--
 Epoch = 0,  Loss: 0.017365295
 Epoch = 50,  Loss: 0.018685866
 Epoch = 100,  Loss: 0.017463781
 Epoch = 150,  Loss: 0.01187169
 Epoch = 200,  Loss: 0.0076419897
 Epoch = 250,  Loss: 0.0073358105
 Epoch = 299,  Loss: 0.023675213
--Update of pi--
   Epoch =  0 ,  Loss: 0.14546175301074982
   Epoch =  19 ,  Loss: 0.3581281900405884
--Estimation of V--
 Epoch = 0,  Loss: 0.024937874
 Epoch = 50,  Loss: 0.14996299
 Epoch = 100,  Loss: 0.14923581
 Epoch = 150,  Loss: 0.021703279
 Epoch = 200,  Loss: 0.003675299
 Epoch = 250,  Loss: 0.0040800306
 Epoch = 299,  Loss: 0.0054650647
--Update of pi--
   Epoch =  0 ,  Loss: 0.3615224361419678
   Epoch =  19 ,  Loss: 0.4213930070400238
--Estimation of V--
 Epoch = 0,  Loss: 0.0055603706
 Epoch = 50,  Loss: 0.010296893
 Epoch = 100,  Loss: 0.014389184
 Epoch = 150,  Loss: 0.029919162
 Epoch = 200,  Loss: 0.07373735
 Epoch = 250,  Loss: 0.060952794
 Epoch = 299,  Loss: 0.02079462
--Update of pi--
   Epoch =  0 ,  Loss: 0.42429637908935547
   Epoch =  19 ,  Loss: 0.4810692071914673
--Estimation of V--
 Epoch = 0,  Loss: 0.021097327
 Epoch = 50,  Loss: 0.06401017
 Epoch = 100,  Loss: 0.10915108
 Epoch = 150,  Loss: 0.105525196
 Epoch = 200,  Loss: 0.08769395
 Epoch = 250,  Loss: 0.065368414
 Epoch = 299,  Loss: 0.044831622
--Update of pi--
   Epoch =  0 ,  Loss: 0.4826018512248993
   Epoch =  19 ,  Loss: 0.5124112963676453
--Estimation of V--
 Epoch = 0,  Loss: 0.04443355
 Epoch = 50,  Loss: 0.03231076
 Epoch = 100,  Loss: 0.028178481
 Epoch = 150,  Loss: 0.029736545
 Epoch = 200,  Loss: 0.033397194
 Epoch = 250,  Loss: 0.03452498
 Epoch = 299,  Loss: 0.033664137
--Update of pi--
   Epoch =  0 ,  Loss: 0.5137088298797607
   Epoch =  19 ,  Loss: 0.5326412320137024
--Estimation of V--
 Epoch = 0,  Loss: 0.033751063
 Epoch = 50,  Loss: 0.05909673
 Epoch = 100,  Loss: 0.06630168
 Epoch = 150,  Loss: 0.042811073
 Epoch = 200,  Loss: 0.035129953
 Epoch = 250,  Loss: 0.030097589
 Epoch = 299,  Loss: 0.026721511
--Update of pi--
   Epoch =  0 ,  Loss: 0.5209265351295471
   Epoch =  19 ,  Loss: 0.29692623019218445
--Estimation of V--
 Epoch = 0,  Loss: 0.026714623
 Epoch = 50,  Loss: 0.034549404
 Epoch = 100,  Loss: 0.03619971
 Epoch = 150,  Loss: 0.025804127
 Epoch = 200,  Loss: 0.02114063
 Epoch = 250,  Loss: 0.017996417
 Epoch = 299,  Loss: 0.015712995
--Update of pi--
   Epoch =  0 ,  Loss: 0.2928706407546997
   Epoch =  19 ,  Loss: 0.2184305191040039
--Estimation of V--
 Epoch = 0,  Loss: 0.015681265
 Epoch = 50,  Loss: 0.015670715
 Epoch = 100,  Loss: 0.014260595
 Epoch = 150,  Loss: 0.010662193
 Epoch = 200,  Loss: 0.008606645
 Epoch = 250,  Loss: 0.0071082897
 Epoch = 299,  Loss: 0.0059968475
--Update of pi--
   Epoch =  0 ,  Loss: 0.21487118303775787
   Epoch =  19 ,  Loss: 0.14529474079608917
--Estimation of V--
 Epoch = 0,  Loss: 0.0059800106
 Epoch = 50,  Loss: 0.005519563
 Epoch = 100,  Loss: 0.004896704
 Epoch = 150,  Loss: 0.0039809425
 Epoch = 200,  Loss: 0.003628963
 Epoch = 250,  Loss: 0.003630659
 Epoch = 299,  Loss: 0.003966244
--Update of pi--
   Epoch =  0 ,  Loss: 0.14315852522850037
   Epoch =  19 ,  Loss: 0.1031089797616005
--Estimation of V--
 Epoch = 0,  Loss: 0.003974148
 Epoch = 50,  Loss: 0.0042398637
 Epoch = 100,  Loss: 0.0047563617
 Epoch = 150,  Loss: 0.0060817413
 Epoch = 200,  Loss: 0.007930395
 Epoch = 250,  Loss: 0.010106559
 Epoch = 299,  Loss: 0.012320839
--Update of pi--
   Epoch =  0 ,  Loss: 0.10277605801820755
   Epoch =  19 ,  Loss: 0.10189791768789291
--Estimation of V--
 Epoch = 0,  Loss: 0.012354481
 Epoch = 50,  Loss: 0.012116389
 Epoch = 100,  Loss: 0.01221272
 Epoch = 150,  Loss: 0.015245135
 Epoch = 200,  Loss: 0.018335406
 Epoch = 250,  Loss: 0.021290591
 Epoch = 299,  Loss: 0.02441553
--Update of pi--
   Epoch =  0 ,  Loss: 0.10657946765422821
   Epoch =  19 ,  Loss: 0.19616425037384033
--Estimation of V--
 Epoch = 0,  Loss: 0.024500608
 Epoch = 50,  Loss: 0.027453015
 Epoch = 100,  Loss: 0.058776993
 Epoch = 150,  Loss: 0.21736431
 Epoch = 200,  Loss: 0.39141187
 Epoch = 250,  Loss: 0.42560628
 Epoch = 299,  Loss: 0.3395993
--Update of pi--
   Epoch =  0 ,  Loss: 0.19672299921512604
   Epoch =  19 ,  Loss: 0.210527241230011
--Estimation of V--
 Epoch = 0,  Loss: 0.34370527
 Epoch = 50,  Loss: 0.26430026
 Epoch = 100,  Loss: 0.21702187
 Epoch = 150,  Loss: 0.16097122
 Epoch = 200,  Loss: 0.14518222
 Epoch = 250,  Loss: 0.13854632
 Epoch = 299,  Loss: 0.12228588
--Update of pi--
   Epoch =  0 ,  Loss: 0.21051765978336334
   Epoch =  19 ,  Loss: 0.20928680896759033
--Estimation of V--
 Epoch = 0,  Loss: 0.120926075
 Epoch = 50,  Loss: 0.091485746
 Epoch = 100,  Loss: 0.057712775
 Epoch = 150,  Loss: 0.040427163
 Epoch = 200,  Loss: 0.03454616
 Epoch = 250,  Loss: 0.029434009
 Epoch = 299,  Loss: 0.023816941
--Update of pi--
   Epoch =  0 ,  Loss: 0.20913177728652954
   Epoch =  19 ,  Loss: 0.20595283806324005
--Estimation of V--
 Epoch = 0,  Loss: 0.023583436
 Epoch = 50,  Loss: 0.01939522
 Epoch = 100,  Loss: 0.014309513
 Epoch = 150,  Loss: 0.00993392
 Epoch = 200,  Loss: 0.0098012015
 Epoch = 250,  Loss: 0.015002811
 Epoch = 299,  Loss: 0.045440927
--Update of pi--
   Epoch =  0 ,  Loss: 0.20458310842514038
   Epoch =  19 ,  Loss: 0.1799944043159485
--Estimation of V--
 Epoch = 0,  Loss: 0.045547593
 Epoch = 50,  Loss: 0.085650265
 Epoch = 100,  Loss: 0.07697386
 Epoch = 150,  Loss: 0.049350344
 Epoch = 200,  Loss: 0.042132054
 Epoch = 250,  Loss: 0.03761041
 Epoch = 299,  Loss: 0.03674517
--Update of pi--
   Epoch =  0 ,  Loss: 0.1744328737258911
   Epoch =  19 ,  Loss: 0.07130751758813858
--Estimation of V--
 Epoch = 0,  Loss: 0.036556672
 Epoch = 50,  Loss: 0.028118696
 Epoch = 100,  Loss: 0.015619011
 Epoch = 150,  Loss: 0.012051853
 Epoch = 200,  Loss: 0.01108496
 Epoch = 250,  Loss: 0.010301025
 Epoch = 299,  Loss: 0.009835715
--Update of pi--
   Epoch =  0 ,  Loss: 0.0701984241604805
   Epoch =  19 ,  Loss: 0.0468333475291729
--Estimation of V--
 Epoch = 0,  Loss: 0.009829099
 Epoch = 50,  Loss: 0.008737212
 Epoch = 100,  Loss: 0.0074720653
 Epoch = 150,  Loss: 0.006947617
 Epoch = 200,  Loss: 0.0065609477
 Epoch = 250,  Loss: 0.0062046577
 Epoch = 299,  Loss: 0.0058576674
--Update of pi--
   Epoch =  0 ,  Loss: 0.046419043093919754
   Epoch =  19 ,  Loss: 0.04008210822939873
--Estimation of V--
 Epoch = 0,  Loss: 0.005850125
 Epoch = 50,  Loss: 0.005640756
 Epoch = 100,  Loss: 0.0053308434
 Epoch = 150,  Loss: 0.004832575
 Epoch = 200,  Loss: 0.004471175
 Epoch = 250,  Loss: 0.00428104
 Epoch = 299,  Loss: 0.0042815297
--Update of pi--
   Epoch =  0 ,  Loss: 0.039871662855148315
   Epoch =  19 ,  Loss: 0.035900723189115524
--Estimation of V--
 Epoch = 0,  Loss: 0.004281596
 Epoch = 50,  Loss: 0.004090152
 Epoch = 100,  Loss: 0.003742092
 Epoch = 150,  Loss: 0.00369193
 Epoch = 200,  Loss: 0.0039045818
 Epoch = 250,  Loss: 0.0040866598
 Epoch = 299,  Loss: 0.0039905673
--Update of pi--
   Epoch =  0 ,  Loss: 0.035738974809646606
   Epoch =  19 ,  Loss: 0.03155888244509697
--Estimation of V--
 Epoch = 0,  Loss: 0.00398975
 Epoch = 50,  Loss: 0.004520506
 Epoch = 100,  Loss: 0.0047356496
 Epoch = 150,  Loss: 0.004219934
 Epoch = 200,  Loss: 0.0040995847
 Epoch = 250,  Loss: 0.0040150476
 Epoch = 299,  Loss: 0.0039421963
--Update of pi--
   Epoch =  0 ,  Loss: 0.03128254786133766
   Epoch =  19 ,  Loss: 0.027449598535895348
--Estimation of V--
 Epoch = 0,  Loss: 0.003940605
 Epoch = 50,  Loss: 0.0037864055
 Epoch = 100,  Loss: 0.0036079017
 Epoch = 150,  Loss: 0.003514084
 Epoch = 200,  Loss: 0.003446218
 Epoch = 250,  Loss: 0.0033938768
 Epoch = 299,  Loss: 0.003399152
--Update of pi--
   Epoch =  0 ,  Loss: 0.027574004605412483
   Epoch =  19 ,  Loss: 0.03053855709731579
--Estimation of V--
 Epoch = 0,  Loss: 0.0033994764
 Epoch = 50,  Loss: 0.004234573
 Epoch = 100,  Loss: 0.046992015
 Epoch = 150,  Loss: 0.09234667
 Epoch = 200,  Loss: 0.13087328
 Epoch = 250,  Loss: 0.15952814
 Epoch = 299,  Loss: 0.14289938
--Update of pi--
   Epoch =  0 ,  Loss: 0.031072573736310005
   Epoch =  19 ,  Loss: 0.039993733167648315
--Estimation of V--
 Epoch = 0,  Loss: 0.14360447
 Epoch = 50,  Loss: 0.09873977
 Epoch = 100,  Loss: 0.046259627
 Epoch = 150,  Loss: 0.029005053
 Epoch = 200,  Loss: 0.029106714
 Epoch = 250,  Loss: 0.029103225
 Epoch = 299,  Loss: 0.028003253
--Update of pi--
   Epoch =  0 ,  Loss: 0.03998315706849098
   Epoch =  19 ,  Loss: 0.038629937916994095
--Estimation of V--
 Epoch = 0,  Loss: 0.02793375
 Epoch = 50,  Loss: 0.018422622
 Epoch = 100,  Loss: 0.007536346
 Epoch = 150,  Loss: 0.004794899
 Epoch = 200,  Loss: 0.0038671396
 Epoch = 250,  Loss: 0.005378692
 Epoch = 299,  Loss: 0.0129621215
--Update of pi--
   Epoch =  0 ,  Loss: 0.04067671298980713
   Epoch =  19 ,  Loss: 0.08098969608545303
--Estimation of V--
 Epoch = 0,  Loss: 0.013125557
 Epoch = 50,  Loss: 0.014382666
 Epoch = 100,  Loss: 0.0081061665
 Epoch = 150,  Loss: 0.006382184
 Epoch = 200,  Loss: 0.0061120987
 Epoch = 250,  Loss: 0.0053198086
 Epoch = 299,  Loss: 0.0041007306
--Update of pi--
   Epoch =  0 ,  Loss: 0.0814715176820755
   Epoch =  19 ,  Loss: 0.08878830075263977
--Estimation of V--
 Epoch = 0,  Loss: 0.004075957
 Epoch = 50,  Loss: 0.003621148
 Epoch = 100,  Loss: 0.0074339397
 Epoch = 150,  Loss: 0.014201559
 Epoch = 200,  Loss: 0.014589039
 Epoch = 250,  Loss: 0.018581517
 Epoch = 299,  Loss: 0.024307717
--Update of pi--
   Epoch =  0 ,  Loss: 0.0887155830860138
   Epoch =  19 ,  Loss: 0.08801484853029251
--Estimation of V--
 Epoch = 0,  Loss: 0.02426189
 Epoch = 50,  Loss: 0.017191162
 Epoch = 100,  Loss: 0.00797968
 Epoch = 150,  Loss: 0.0038859686
 Epoch = 200,  Loss: 0.009110724
 Epoch = 250,  Loss: 0.013860431
 Epoch = 299,  Loss: 0.010824182
--Update of pi--
   Epoch =  0 ,  Loss: 0.08753958344459534
   Epoch =  19 ,  Loss: 0.07964982092380524
--Estimation of V--
 Epoch = 0,  Loss: 0.010641941
 Epoch = 50,  Loss: 0.007559485
 Epoch = 100,  Loss: 0.0051013427
 Epoch = 150,  Loss: 0.0051602894
 Epoch = 200,  Loss: 0.011753292
 Epoch = 250,  Loss: 0.011598946
 Epoch = 299,  Loss: 0.0057211793
--Update of pi--
   Epoch =  0 ,  Loss: 0.07959436625242233
   Epoch =  19 ,  Loss: 0.08047496527433395
--Estimation of V--
 Epoch = 0,  Loss: 0.0057055783
 Epoch = 50,  Loss: 0.004543173
 Epoch = 100,  Loss: 0.0049478873
 Epoch = 150,  Loss: 0.00927952
 Epoch = 200,  Loss: 0.009097323
 Epoch = 250,  Loss: 0.0048610973
 Epoch = 299,  Loss: 0.0039368444
--Update of pi--
   Epoch =  0 ,  Loss: 0.08039586246013641
   Epoch =  19 ,  Loss: 0.07797963172197342
--Estimation of V--
 Epoch = 0,  Loss: 0.0039828066
 Epoch = 50,  Loss: 0.0056942618
 Epoch = 100,  Loss: 0.0054090708
 Epoch = 150,  Loss: 0.0035470703
 Epoch = 200,  Loss: 0.004788351
 Epoch = 250,  Loss: 0.0042503914
 Epoch = 299,  Loss: 0.0034162686
--Update of pi--
   Epoch =  0 ,  Loss: 0.07860517501831055
   Epoch =  19 ,  Loss: 0.09051594138145447
--Estimation of V--
 Epoch = 0,  Loss: 0.0034354513
 Epoch = 50,  Loss: 0.007859004
 Epoch = 100,  Loss: 0.017666884
 Epoch = 150,  Loss: 0.033407975
 Epoch = 200,  Loss: 0.056212958
 Epoch = 250,  Loss: 0.057426408
 Epoch = 299,  Loss: 0.033966076
--Update of pi--
   Epoch =  0 ,  Loss: 0.09086550027132034
   Epoch =  19 ,  Loss: 0.09765857458114624
--Estimation of V--
 Epoch = 0,  Loss: 0.03347063
 Epoch = 50,  Loss: 0.01668854
 Epoch = 100,  Loss: 0.0129319485
 Epoch = 150,  Loss: 0.021263784
 Epoch = 200,  Loss: 0.04238286
 Epoch = 250,  Loss: 0.04864646
 Epoch = 299,  Loss: 0.026755283
--Update of pi--
   Epoch =  0 ,  Loss: 0.09812120348215103
   Epoch =  19 ,  Loss: 0.10693848878145218
--Estimation of V--
 Epoch = 0,  Loss: 0.02648186
 Epoch = 50,  Loss: 0.008130161
 Epoch = 100,  Loss: 0.0037408618
 Epoch = 150,  Loss: 0.0029003166
 Epoch = 200,  Loss: 0.0028958654
 Epoch = 250,  Loss: 0.029930703
 Epoch = 299,  Loss: 0.07383327
--Update of pi--
   Epoch =  0 ,  Loss: 0.10705775022506714
   Epoch =  19 ,  Loss: 0.10913015156984329
--Estimation of V--
 Epoch = 0,  Loss: 0.0741771
 Epoch = 50,  Loss: 0.05070801
 Epoch = 100,  Loss: 0.0067928405
 Epoch = 150,  Loss: 0.003469116
 Epoch = 200,  Loss: 0.0031073783
 Epoch = 250,  Loss: 0.0027088076
 Epoch = 299,  Loss: 0.013142344
--Update of pi--
   Epoch =  0 ,  Loss: 0.11493533849716187
   Epoch =  19 ,  Loss: 0.2254035919904709
--Estimation of V--
 Epoch = 0,  Loss: 0.013803704
 Epoch = 50,  Loss: 0.08235741
 Epoch = 100,  Loss: 0.100653335
 Epoch = 150,  Loss: 0.035641123
 Epoch = 200,  Loss: 0.008171109
 Epoch = 250,  Loss: 0.006525742
 Epoch = 299,  Loss: 0.0062535233
--Update of pi--
   Epoch =  0 ,  Loss: 0.22470037639141083
   Epoch =  19 ,  Loss: 0.21339166164398193
--Estimation of V--
 Epoch = 0,  Loss: 0.006267081
 Epoch = 50,  Loss: 0.0064267027
 Epoch = 100,  Loss: 0.0070996177
 Epoch = 150,  Loss: 0.0075377678
 Epoch = 200,  Loss: 0.0066690654
 Epoch = 250,  Loss: 0.004391968
 Epoch = 299,  Loss: 0.004443039
--Update of pi--
   Epoch =  0 ,  Loss: 0.2196984440088272
   Epoch =  19 ,  Loss: 0.33827996253967285
--Estimation of V--
 Epoch = 0,  Loss: 0.004712577
 Epoch = 50,  Loss: 0.040655598
 Epoch = 100,  Loss: 0.04219639
 Epoch = 150,  Loss: 0.007420367
 Epoch = 200,  Loss: 0.0051678224
 Epoch = 250,  Loss: 0.0049417787
 Epoch = 299,  Loss: 0.019101223
--Update of pi--
   Epoch =  0 ,  Loss: 0.34750744700431824
   Epoch =  19 ,  Loss: 0.5203632116317749
--Estimation of V--
 Epoch = 0,  Loss: 0.020035299
 Epoch = 50,  Loss: 0.15288511
 Epoch = 100,  Loss: 0.26229942
 Epoch = 150,  Loss: 0.23794745
 Epoch = 200,  Loss: 0.1502829
 Epoch = 250,  Loss: 0.09636273
 Epoch = 299,  Loss: 0.2260602
--Update of pi--
   Epoch =  0 ,  Loss: 0.5218146443367004
   Epoch =  19 ,  Loss: 0.5502546429634094
--Estimation of V--
 Epoch = 0,  Loss: 0.23399606
 Epoch = 50,  Loss: 0.28216422
 Epoch = 100,  Loss: 0.11809649
 Epoch = 150,  Loss: 0.02318021
 Epoch = 200,  Loss: 0.01899547
 Epoch = 250,  Loss: 0.030320253
 Epoch = 299,  Loss: 0.18711974
--Update of pi--
   Epoch =  0 ,  Loss: 0.543078601360321
   Epoch =  19 ,  Loss: 0.40654414892196655
--Estimation of V--
 Epoch = 0,  Loss: 0.19071856
 Epoch = 50,  Loss: 0.3394582
 Epoch = 100,  Loss: 0.20761526
 Epoch = 150,  Loss: 0.10623107
 Epoch = 200,  Loss: 0.26813695
 Epoch = 250,  Loss: 0.27112997
 Epoch = 299,  Loss: 0.10312837
--Update of pi--
   Epoch =  0 ,  Loss: 0.40730980038642883
   Epoch =  19 ,  Loss: 0.420282244682312
--Estimation of V--
 Epoch = 0,  Loss: 0.10060315
 Epoch = 50,  Loss: 0.04688052
 Epoch = 100,  Loss: 0.032589603
 Epoch = 150,  Loss: 0.028033592
 Epoch = 200,  Loss: 0.026941983
 Epoch = 250,  Loss: 0.031096898
 Epoch = 299,  Loss: 0.06844615
--Update of pi--
   Epoch =  0 ,  Loss: 0.41481471061706543
   Epoch =  19 ,  Loss: 0.3101700246334076
--Estimation of V--
 Epoch = 0,  Loss: 0.07126996
 Epoch = 50,  Loss: 0.14454427
 Epoch = 100,  Loss: 0.1542515
 Epoch = 150,  Loss: 0.09329124
 Epoch = 200,  Loss: 0.051343504
 Epoch = 250,  Loss: 0.042725958
 Epoch = 299,  Loss: 0.03857529
--Update of pi--
   Epoch =  0 ,  Loss: 0.3011179566383362
   Epoch =  19 ,  Loss: 0.13013912737369537
--Estimation of V--
 Epoch = 0,  Loss: 0.038775176
 Epoch = 50,  Loss: 0.04020731
 Epoch = 100,  Loss: 0.0404336
 Epoch = 150,  Loss: 0.027859919
 Epoch = 200,  Loss: 0.020379994
 Epoch = 250,  Loss: 0.016566718
 Epoch = 299,  Loss: 0.012836236
--Update of pi--
   Epoch =  0 ,  Loss: 0.1286000907421112
   Epoch =  19 ,  Loss: 0.09782539308071136
--Estimation of V--
 Epoch = 0,  Loss: 0.012783462
 Epoch = 50,  Loss: 0.012333634
 Epoch = 100,  Loss: 0.01106601
 Epoch = 150,  Loss: 0.009494454
 Epoch = 200,  Loss: 0.008288071
 Epoch = 250,  Loss: 0.006974808
 Epoch = 299,  Loss: 0.005624712
--Update of pi--
   Epoch =  0 ,  Loss: 0.09725119918584824
   Epoch =  19 ,  Loss: 0.08700387924909592
--Estimation of V--
 Epoch = 0,  Loss: 0.005597877
 Epoch = 50,  Loss: 0.0045114867
 Epoch = 100,  Loss: 0.003850017
 Epoch = 150,  Loss: 0.0039878855
 Epoch = 200,  Loss: 0.004753324
 Epoch = 250,  Loss: 0.005480919
 Epoch = 299,  Loss: 0.006192229
--Update of pi--
   Epoch =  0 ,  Loss: 0.08911173790693283
   Epoch =  19 ,  Loss: 0.12883290648460388
--Estimation of V--
 Epoch = 0,  Loss: 0.006212318
 Epoch = 50,  Loss: 0.008413034
 Epoch = 100,  Loss: 0.009012626
 Epoch = 150,  Loss: 0.007594835
 Epoch = 200,  Loss: 0.0076013734
 Epoch = 250,  Loss: 0.0079484265
 Epoch = 299,  Loss: 0.008165713
--Update of pi--
   Epoch =  0 ,  Loss: 0.13169994950294495
   Epoch =  19 ,  Loss: 0.18583905696868896
--Estimation of V--
 Epoch = 0,  Loss: 0.008181181
 Epoch = 50,  Loss: 0.011232108
 Epoch = 100,  Loss: 0.011182644
 Epoch = 150,  Loss: 0.008091595
 Epoch = 200,  Loss: 0.008405835
 Epoch = 250,  Loss: 0.008686248
 Epoch = 299,  Loss: 0.00822365
--Update of pi--
   Epoch =  0 ,  Loss: 0.1897251307964325
   Epoch =  19 ,  Loss: 0.263135701417923
--Estimation of V--
 Epoch = 0,  Loss: 0.008225234
 Epoch = 50,  Loss: 0.010166483
 Epoch = 100,  Loss: 0.009023753
 Epoch = 150,  Loss: 0.005873732
 Epoch = 200,  Loss: 0.006363224
 Epoch = 250,  Loss: 0.0062275473
 Epoch = 299,  Loss: 0.005517628
--Update of pi--
   Epoch =  0 ,  Loss: 0.2672089636325836
   Epoch =  19 ,  Loss: 0.3431732952594757
--Estimation of V--
 Epoch = 0,  Loss: 0.0055175615
 Epoch = 50,  Loss: 0.005757546
 Epoch = 100,  Loss: 0.004873583
 Epoch = 150,  Loss: 0.0036994792
 Epoch = 200,  Loss: 0.005156971
 Epoch = 250,  Loss: 0.009251434
 Epoch = 299,  Loss: 0.019210786
--Update of pi--
   Epoch =  0 ,  Loss: 0.3451496362686157
   Epoch =  19 ,  Loss: 0.3831813335418701
--Estimation of V--
 Epoch = 0,  Loss: 0.01953196
 Epoch = 50,  Loss: 0.046919465
 Epoch = 100,  Loss: 0.082319334
 Epoch = 150,  Loss: 0.09114001
 Epoch = 200,  Loss: 0.067475826
 Epoch = 250,  Loss: 0.039965782
 Epoch = 299,  Loss: 0.02621151
--Update of pi--
   Epoch =  0 ,  Loss: 0.38140061497688293
   Epoch =  19 ,  Loss: 0.34785452485084534
--Estimation of V--
 Epoch = 0,  Loss: 0.026060171
 Epoch = 50,  Loss: 0.024483763
 Epoch = 100,  Loss: 0.02335377
 Epoch = 150,  Loss: 0.018963266
 Epoch = 200,  Loss: 0.016648231
 Epoch = 250,  Loss: 0.014729569
 Epoch = 299,  Loss: 0.013154999
--Update of pi--
   Epoch =  0 ,  Loss: 0.34420502185821533
   Epoch =  19 ,  Loss: 0.27456769347190857
--Estimation of V--
 Epoch = 0,  Loss: 0.013147032
 Epoch = 50,  Loss: 0.017358437
 Epoch = 100,  Loss: 0.017658737
 Epoch = 150,  Loss: 0.011751294
 Epoch = 200,  Loss: 0.0094868485
 Epoch = 250,  Loss: 0.007834408
 Epoch = 299,  Loss: 0.0067342846
--Update of pi--
   Epoch =  0 ,  Loss: 0.270084410905838
   Epoch =  19 ,  Loss: 0.18634659051895142
--Estimation of V--
 Epoch = 0,  Loss: 0.006716635
 Epoch = 50,  Loss: 0.0059993565
 Epoch = 100,  Loss: 0.0053508645
 Epoch = 150,  Loss: 0.004878907
 Epoch = 200,  Loss: 0.0047192057
 Epoch = 250,  Loss: 0.004607046
 Epoch = 299,  Loss: 0.004519838
--Update of pi--
   Epoch =  0 ,  Loss: 0.18220502138137817
   Epoch =  19 ,  Loss: 0.10539048165082932
--Estimation of V--
 Epoch = 0,  Loss: 0.004518484
 Epoch = 50,  Loss: 0.0044736164
 Epoch = 100,  Loss: 0.0043708384
 Epoch = 150,  Loss: 0.004218073
 Epoch = 200,  Loss: 0.0041050427
 Epoch = 250,  Loss: 0.003976935
 Epoch = 299,  Loss: 0.0038425701
--Update of pi--
   Epoch =  0 ,  Loss: 0.10333354771137238
   Epoch =  19 ,  Loss: 0.06360431015491486
--Estimation of V--
 Epoch = 0,  Loss: 0.0038406795
 Epoch = 50,  Loss: 0.0038756907
 Epoch = 100,  Loss: 0.003950291
 Epoch = 150,  Loss: 0.0039146696
 Epoch = 200,  Loss: 0.004032163
 Epoch = 250,  Loss: 0.0044855503
 Epoch = 299,  Loss: 0.005285766
--Update of pi--
   Epoch =  0 ,  Loss: 0.06509804725646973
   Epoch =  19 ,  Loss: 0.09326431155204773
--Estimation of V--
 Epoch = 0,  Loss: 0.0053107403
 Epoch = 50,  Loss: 0.0067120176
 Epoch = 100,  Loss: 0.0070151268
 Epoch = 150,  Loss: 0.0071220356
 Epoch = 200,  Loss: 0.0067622107
 Epoch = 250,  Loss: 0.004840153
 Epoch = 299,  Loss: 0.0035537053
--Update of pi--
   Epoch =  0 ,  Loss: 0.09623400866985321
   Epoch =  19 ,  Loss: 0.15373899042606354
--Estimation of V--
 Epoch = 0,  Loss: 0.0035503488
 Epoch = 50,  Loss: 0.008079994
 Epoch = 100,  Loss: 0.03438807
 Epoch = 150,  Loss: 0.082730204
 Epoch = 200,  Loss: 0.107665345
 Epoch = 250,  Loss: 0.09044528
 Epoch = 299,  Loss: 0.06109883
--Update of pi--
   Epoch =  0 ,  Loss: 0.15539352595806122
   Epoch =  19 ,  Loss: 0.18739093840122223
--Estimation of V--
 Epoch = 0,  Loss: 0.060522385
 Epoch = 50,  Loss: 0.0365842
 Epoch = 100,  Loss: 0.023108475
 Epoch = 150,  Loss: 0.016294295
 Epoch = 200,  Loss: 0.012239728
 Epoch = 250,  Loss: 0.0097052185
 Epoch = 299,  Loss: 0.00807203
--Update of pi--
   Epoch =  0 ,  Loss: 0.18800346553325653
   Epoch =  19 ,  Loss: 0.1979064792394638
--Estimation of V--
 Epoch = 0,  Loss: 0.008056708
 Epoch = 50,  Loss: 0.0097908955
 Epoch = 100,  Loss: 0.009745696
 Epoch = 150,  Loss: 0.006656028
 Epoch = 200,  Loss: 0.005564017
 Epoch = 250,  Loss: 0.0048262007
 Epoch = 299,  Loss: 0.004332692
--Update of pi--
   Epoch =  0 ,  Loss: 0.19798444211483002
   Epoch =  19 ,  Loss: 0.1984652578830719
--Estimation of V--
 Epoch = 0,  Loss: 0.0043288367
 Epoch = 50,  Loss: 0.0049283835
 Epoch = 100,  Loss: 0.0046540964
 Epoch = 150,  Loss: 0.0033895797
 Epoch = 200,  Loss: 0.0033667767
 Epoch = 250,  Loss: 0.0036627955
 Epoch = 299,  Loss: 0.003913576
--Update of pi--
   Epoch =  0 ,  Loss: 0.19672797620296478
   Epoch =  19 ,  Loss: 0.16503217816352844
--Estimation of V--
 Epoch = 0,  Loss: 0.003919507
 Epoch = 50,  Loss: 0.004357728
 Epoch = 100,  Loss: 0.00587223
 Epoch = 150,  Loss: 0.0107421335
 Epoch = 200,  Loss: 0.014488224
 Epoch = 250,  Loss: 0.012049859
 Epoch = 299,  Loss: 0.010409909
--Update of pi--
   Epoch =  0 ,  Loss: 0.16370686888694763
   Epoch =  19 ,  Loss: 0.13821208477020264
--Estimation of V--
 Epoch = 0,  Loss: 0.010372004
 Epoch = 50,  Loss: 0.007851342
 Epoch = 100,  Loss: 0.005283001
 Epoch = 150,  Loss: 0.012208282
 Epoch = 200,  Loss: 0.029454067
 Epoch = 250,  Loss: 0.04269092
 Epoch = 299,  Loss: 0.040738054
--Update of pi--
   Epoch =  0 ,  Loss: 0.13768643140792847
   Epoch =  19 ,  Loss: 0.12818191945552826
--Estimation of V--
 Epoch = 0,  Loss: 0.04058588
 Epoch = 50,  Loss: 0.030969255
 Epoch = 100,  Loss: 0.022010744
 Epoch = 150,  Loss: 0.016157549
 Epoch = 200,  Loss: 0.012693543
 Epoch = 250,  Loss: 0.010734625
 Epoch = 299,  Loss: 0.009302113
--Update of pi--
   Epoch =  0 ,  Loss: 0.12798362970352173
   Epoch =  19 ,  Loss: 0.12475039809942245
--Estimation of V--
 Epoch = 0,  Loss: 0.009285349
 Epoch = 50,  Loss: 0.010457548
 Epoch = 100,  Loss: 0.010221051
 Epoch = 150,  Loss: 0.0072236024
 Epoch = 200,  Loss: 0.005243613
 Epoch = 250,  Loss: 0.0038696728
 Epoch = 299,  Loss: 0.0053727664
--Update of pi--
   Epoch =  0 ,  Loss: 0.12550710141658783
   Epoch =  19 ,  Loss: 0.14147299528121948
--Estimation of V--
 Epoch = 0,  Loss: 0.0054271794
 Epoch = 50,  Loss: 0.0075473515
 Epoch = 100,  Loss: 0.007550976
 Epoch = 150,  Loss: 0.007371603
 Epoch = 200,  Loss: 0.007702368
 Epoch = 250,  Loss: 0.008360728
 Epoch = 299,  Loss: 0.009494269
--Update of pi--
   Epoch =  0 ,  Loss: 0.1438044011592865
   Epoch =  19 ,  Loss: 0.1862577199935913
--Estimation of V--
 Epoch = 0,  Loss: 0.009546104
 Epoch = 50,  Loss: 0.017257957
 Epoch = 100,  Loss: 0.03904135
 Epoch = 150,  Loss: 0.03718629
 Epoch = 200,  Loss: 0.026057417
 Epoch = 250,  Loss: 0.03260632
 Epoch = 299,  Loss: 0.03114769
--Update of pi--
   Epoch =  0 ,  Loss: 0.18508504331111908
   Epoch =  19 ,  Loss: 0.1648562103509903
--Estimation of V--
 Epoch = 0,  Loss: 0.03105935
 Epoch = 50,  Loss: 0.024992423
 Epoch = 100,  Loss: 0.01906207
 Epoch = 150,  Loss: 0.015064294
 Epoch = 200,  Loss: 0.012642455
 Epoch = 250,  Loss: 0.011414382
 Epoch = 299,  Loss: 0.0105592
--Update of pi--
   Epoch =  0 ,  Loss: 0.1640801876783371
   Epoch =  19 ,  Loss: 0.1475517898797989
--Estimation of V--
 Epoch = 0,  Loss: 0.010553169
 Epoch = 50,  Loss: 0.01245228
 Epoch = 100,  Loss: 0.012539164
 Epoch = 150,  Loss: 0.00918663
 Epoch = 200,  Loss: 0.0070034284
 Epoch = 250,  Loss: 0.0050631147
 Epoch = 299,  Loss: 0.0037500893
--Update of pi--
   Epoch =  0 ,  Loss: 0.1472589522600174
   Epoch =  19 ,  Loss: 0.14324963092803955
--Estimation of V--
 Epoch = 0,  Loss: 0.003732743
 Epoch = 50,  Loss: 0.0034402697
 Epoch = 100,  Loss: 0.004290126
 Epoch = 150,  Loss: 0.0054724445
 Epoch = 200,  Loss: 0.006166795
 Epoch = 250,  Loss: 0.006427299
 Epoch = 299,  Loss: 0.006536761
--Update of pi--
   Epoch =  0 ,  Loss: 0.14338454604148865
   Epoch =  19 ,  Loss: 0.14494314789772034
--Estimation of V--
 Epoch = 0,  Loss: 0.006538086
 Epoch = 50,  Loss: 0.0066248644
 Epoch = 100,  Loss: 0.0071846647
 Epoch = 150,  Loss: 0.008646984
 Epoch = 200,  Loss: 0.010314357
 Epoch = 250,  Loss: 0.009678671
 Epoch = 299,  Loss: 0.008018048
--Update of pi--
   Epoch =  0 ,  Loss: 0.14387854933738708
   Epoch =  19 ,  Loss: 0.12368828803300858
--Estimation of V--
 Epoch = 0,  Loss: 0.008001659
 Epoch = 50,  Loss: 0.008549668
 Epoch = 100,  Loss: 0.008565311
 Epoch = 150,  Loss: 0.007798604
 Epoch = 200,  Loss: 0.0069688354
 Epoch = 250,  Loss: 0.005001543
 Epoch = 299,  Loss: 0.0032769635
--Update of pi--
   Epoch =  0 ,  Loss: 0.12444675713777542
   Epoch =  19 ,  Loss: 0.13779610395431519
--Estimation of V--
 Epoch = 0,  Loss: 0.0032692165
 Epoch = 50,  Loss: 0.018802883
 Epoch = 100,  Loss: 0.0586925
 Epoch = 150,  Loss: 0.06918815
 Epoch = 200,  Loss: 0.047411367
 Epoch = 250,  Loss: 0.032726064
 Epoch = 299,  Loss: 0.022951486
--Update of pi--
   Epoch =  0 ,  Loss: 0.13846974074840546
   Epoch =  19 ,  Loss: 0.1524541974067688
--Estimation of V--
 Epoch = 0,  Loss: 0.022799287
 Epoch = 50,  Loss: 0.018130401
 Epoch = 100,  Loss: 0.014683639
 Epoch = 150,  Loss: 0.010745888
 Epoch = 200,  Loss: 0.008615247
 Epoch = 250,  Loss: 0.007278016
 Epoch = 299,  Loss: 0.0063963295
--Update of pi--
   Epoch =  0 ,  Loss: 0.15281172096729279
   Epoch =  19 ,  Loss: 0.15771035850048065
--Estimation of V--
 Epoch = 0,  Loss: 0.0063924515
 Epoch = 50,  Loss: 0.008453661
 Epoch = 100,  Loss: 0.008697668
 Epoch = 150,  Loss: 0.0058828993
 Epoch = 200,  Loss: 0.0048775882
 Epoch = 250,  Loss: 0.004292616
 Epoch = 299,  Loss: 0.0039386526
--Update of pi--
   Epoch =  0 ,  Loss: 0.15681393444538116
   Epoch =  19 ,  Loss: 0.13908475637435913
--Estimation of V--
 Epoch = 0,  Loss: 0.003937515
 Epoch = 50,  Loss: 0.0045112227
 Epoch = 100,  Loss: 0.004257704
 Epoch = 150,  Loss: 0.0031046504
 Epoch = 200,  Loss: 0.0029905722
 Epoch = 250,  Loss: 0.003248777
 Epoch = 299,  Loss: 0.0035845253
--Update of pi--
   Epoch =  0 ,  Loss: 0.13681887090206146
   Epoch =  19 ,  Loss: 0.09582552313804626
--Estimation of V--
 Epoch = 0,  Loss: 0.0035902474
 Epoch = 50,  Loss: 0.0037600717
 Epoch = 100,  Loss: 0.0039453395
 Epoch = 150,  Loss: 0.0042756144
 Epoch = 200,  Loss: 0.004788822
 Epoch = 250,  Loss: 0.0064911987
 Epoch = 299,  Loss: 0.0076355673
--Update of pi--
   Epoch =  0 ,  Loss: 0.0953621119260788
   Epoch =  19 ,  Loss: 0.08582398295402527
--Estimation of V--
 Epoch = 0,  Loss: 0.0076292646
 Epoch = 50,  Loss: 0.0065261656
 Epoch = 100,  Loss: 0.0073554325
 Epoch = 150,  Loss: 0.007375556
 Epoch = 200,  Loss: 0.0068257237
 Epoch = 250,  Loss: 0.0062764306
 Epoch = 299,  Loss: 0.0055346573
--Update of pi--
   Epoch =  0 ,  Loss: 0.0866212546825409
   Epoch =  19 ,  Loss: 0.10079975426197052
--Estimation of V--
 Epoch = 0,  Loss: 0.005517913
 Epoch = 50,  Loss: 0.0077099656
 Epoch = 100,  Loss: 0.022332972
 Epoch = 150,  Loss: 0.036355462
 Epoch = 200,  Loss: 0.030793987
 Epoch = 250,  Loss: 0.020648358
 Epoch = 299,  Loss: 0.014947939
--Update of pi--
   Epoch =  0 ,  Loss: 0.10127171874046326
   Epoch =  19 ,  Loss: 0.11218739300966263
--Estimation of V--
 Epoch = 0,  Loss: 0.014866168
 Epoch = 50,  Loss: 0.012211541
 Epoch = 100,  Loss: 0.009955395
 Epoch = 150,  Loss: 0.0077861995
 Epoch = 200,  Loss: 0.006618585
 Epoch = 250,  Loss: 0.0058745565
 Epoch = 299,  Loss: 0.005359871
--Update of pi--
   Epoch =  0 ,  Loss: 0.11249802261590958
   Epoch =  19 ,  Loss: 0.1183091551065445
--Estimation of V--
 Epoch = 0,  Loss: 0.005358733
 Epoch = 50,  Loss: 0.0069443164
 Epoch = 100,  Loss: 0.0069428594
 Epoch = 150,  Loss: 0.0047599543
 Epoch = 200,  Loss: 0.004196899
 Epoch = 250,  Loss: 0.0039145346
 Epoch = 299,  Loss: 0.0037500348
--Update of pi--
   Epoch =  0 ,  Loss: 0.11829492449760437
   Epoch =  19 ,  Loss: 0.11634241044521332
--Estimation of V--
 Epoch = 0,  Loss: 0.0037523678
 Epoch = 50,  Loss: 0.004759633
 Epoch = 100,  Loss: 0.004660117
 Epoch = 150,  Loss: 0.003261618
 Epoch = 200,  Loss: 0.002937815
 Epoch = 250,  Loss: 0.0028091534
 Epoch = 299,  Loss: 0.002790763
--Update of pi--
   Epoch =  0 ,  Loss: 0.11508733034133911
   Epoch =  19 ,  Loss: 0.09269534051418304
--Estimation of V--
 Epoch = 0,  Loss: 0.00279219
 Epoch = 50,  Loss: 0.0029781736
 Epoch = 100,  Loss: 0.0033835575
 Epoch = 150,  Loss: 0.0040556574
 Epoch = 200,  Loss: 0.008598512
 Epoch = 250,  Loss: 0.011001216
 Epoch = 299,  Loss: 0.0385247
--Update of pi--
   Epoch =  0 ,  Loss: 0.09676685184240341
   Epoch =  19 ,  Loss: 0.1741892397403717
--Estimation of V--
 Epoch = 0,  Loss: 0.039853975
 Epoch = 50,  Loss: 0.08405883
 Epoch = 100,  Loss: 0.058898583
 Epoch = 150,  Loss: 0.021687118
 Epoch = 200,  Loss: 0.01999973
 Epoch = 250,  Loss: 0.013314235
 Epoch = 299,  Loss: 0.008233692
--Update of pi--
   Epoch =  0 ,  Loss: 0.1736709028482437
   Epoch =  19 ,  Loss: 0.16429004073143005
--Estimation of V--
 Epoch = 0,  Loss: 0.008161001
 Epoch = 50,  Loss: 0.005875773
 Epoch = 100,  Loss: 0.0052559753
 Epoch = 150,  Loss: 0.0051235543
 Epoch = 200,  Loss: 0.0050269817
 Epoch = 250,  Loss: 0.0049263285
 Epoch = 299,  Loss: 0.0048220907
--Update of pi--
   Epoch =  0 ,  Loss: 0.16414302587509155
   Epoch =  19 ,  Loss: 0.1617031842470169
--Estimation of V--
 Epoch = 0,  Loss: 0.004824614
 Epoch = 50,  Loss: 0.006081549
 Epoch = 100,  Loss: 0.0063615763
 Epoch = 150,  Loss: 0.005074555
 Epoch = 200,  Loss: 0.0046576695
 Epoch = 250,  Loss: 0.0043854155
 Epoch = 299,  Loss: 0.004177131
--Update of pi--
   Epoch =  0 ,  Loss: 0.16162435710430145
   Epoch =  19 ,  Loss: 0.16060668230056763
--Estimation of V--
 Epoch = 0,  Loss: 0.0041758674
 Epoch = 50,  Loss: 0.004684835
 Epoch = 100,  Loss: 0.004608026
 Epoch = 150,  Loss: 0.0035473094
 Epoch = 200,  Loss: 0.0029893739
 Epoch = 250,  Loss: 0.0028980654
 Epoch = 299,  Loss: 0.0030603402
--Update of pi--
   Epoch =  0 ,  Loss: 0.16154688596725464
   Epoch =  19 ,  Loss: 0.17917229235172272
--Estimation of V--
 Epoch = 0,  Loss: 0.0030629493
 Epoch = 50,  Loss: 0.0030272389
 Epoch = 100,  Loss: 0.0030566854
 Epoch = 150,  Loss: 0.0032699322
 Epoch = 200,  Loss: 0.0033830507
 Epoch = 250,  Loss: 0.0034741897
 Epoch = 299,  Loss: 0.003579325
--Update of pi--
   Epoch =  0 ,  Loss: 0.17511212825775146
   Epoch =  19 ,  Loss: 0.09772270172834396
--Estimation of V--
 Epoch = 0,  Loss: 0.0035849775
 Epoch = 50,  Loss: 0.0041434094
 Epoch = 100,  Loss: 0.0044126655
 Epoch = 150,  Loss: 0.005069237
 Epoch = 200,  Loss: 0.0112218475
 Epoch = 250,  Loss: 0.032326356
 Epoch = 299,  Loss: 0.027987741
--Update of pi--
   Epoch =  0 ,  Loss: 0.09786336123943329
   Epoch =  19 ,  Loss: 0.10005481541156769
--Estimation of V--
 Epoch = 0,  Loss: 0.027635185
 Epoch = 50,  Loss: 0.009621177
 Epoch = 100,  Loss: 0.014752134
 Epoch = 150,  Loss: 0.017559066
 Epoch = 200,  Loss: 0.015452253
 Epoch = 250,  Loss: 0.010905388
 Epoch = 299,  Loss: 0.0077446043
--Update of pi--
   Epoch =  0 ,  Loss: 0.10025027394294739
   Epoch =  19 ,  Loss: 0.10464703291654587
--Estimation of V--
 Epoch = 0,  Loss: 0.0077062226
 Epoch = 50,  Loss: 0.007467708
 Epoch = 100,  Loss: 0.0077460576
 Epoch = 150,  Loss: 0.007085655
 Epoch = 200,  Loss: 0.006655913
 Epoch = 250,  Loss: 0.006285699
 Epoch = 299,  Loss: 0.0059665362
--Update of pi--
   Epoch =  0 ,  Loss: 0.10480150580406189
   Epoch =  19 ,  Loss: 0.10744857043027878
--Estimation of V--
 Epoch = 0,  Loss: 0.0059662526
 Epoch = 50,  Loss: 0.007239239
 Epoch = 100,  Loss: 0.0073741563
 Epoch = 150,  Loss: 0.0056754327
 Epoch = 200,  Loss: 0.004985092
 Epoch = 250,  Loss: 0.004464779
 Epoch = 299,  Loss: 0.003990999
--Update of pi--
   Epoch =  0 ,  Loss: 0.10649371147155762
   Epoch =  19 ,  Loss: 0.0883023664355278
--Estimation of V--
 Epoch = 0,  Loss: 0.0039821137
 Epoch = 50,  Loss: 0.0035204173
 Epoch = 100,  Loss: 0.0030997067
 Epoch = 150,  Loss: 0.0029668699
 Epoch = 200,  Loss: 0.0030686907
 Epoch = 250,  Loss: 0.0030843588
 Epoch = 299,  Loss: 0.003034949
--Update of pi--
   Epoch =  0 ,  Loss: 0.0874507874250412
   Epoch =  19 ,  Loss: 0.07225701212882996
--Estimation of V--
 Epoch = 0,  Loss: 0.0030337158
 Epoch = 50,  Loss: 0.002952644
 Epoch = 100,  Loss: 0.0029106727
 Epoch = 150,  Loss: 0.0029613664
 Epoch = 200,  Loss: 0.0030272447
 Epoch = 250,  Loss: 0.0030701214
 Epoch = 299,  Loss: 0.0031065769
--Update of pi--
   Epoch =  0 ,  Loss: 0.07333182543516159
   Epoch =  19 ,  Loss: 0.09219258278608322
--Estimation of V--
 Epoch = 0,  Loss: 0.0031105326
 Epoch = 50,  Loss: 0.0036268968
 Epoch = 100,  Loss: 0.0037143752
 Epoch = 150,  Loss: 0.003512182
 Epoch = 200,  Loss: 0.0039032903
 Epoch = 250,  Loss: 0.004214822
 Epoch = 299,  Loss: 0.004305824
--Update of pi--
   Epoch =  0 ,  Loss: 0.09441651403903961
   Epoch =  19 ,  Loss: 0.13542699813842773
--Estimation of V--
 Epoch = 0,  Loss: 0.0043115616
 Epoch = 50,  Loss: 0.0047238427
 Epoch = 100,  Loss: 0.0038884813
 Epoch = 150,  Loss: 0.0025738725
 Epoch = 200,  Loss: 0.0023867502
 Epoch = 250,  Loss: 0.0024553337
 Epoch = 299,  Loss: 0.008581269
--Update of pi--
   Epoch =  0 ,  Loss: 0.13633687794208527
   Epoch =  19 ,  Loss: 0.15524831414222717
--Estimation of V--
 Epoch = 0,  Loss: 0.008895918
 Epoch = 50,  Loss: 0.034429196
 Epoch = 100,  Loss: 0.04750982
 Epoch = 150,  Loss: 0.033577375
 Epoch = 200,  Loss: 0.020601476
 Epoch = 250,  Loss: 0.0125253275
 Epoch = 299,  Loss: 0.008499348
--Update of pi--
   Epoch =  0 ,  Loss: 0.15601029992103577
   Epoch =  19 ,  Loss: 0.16973215341567993
--Estimation of V--
 Epoch = 0,  Loss: 0.0084496485
 Epoch = 50,  Loss: 0.0072582434
 Epoch = 100,  Loss: 0.006126775
 Epoch = 150,  Loss: 0.0046979804
 Epoch = 200,  Loss: 0.004319839
 Epoch = 250,  Loss: 0.004031532
 Epoch = 299,  Loss: 0.003810516
--Update of pi--
   Epoch =  0 ,  Loss: 0.168972909450531
   Epoch =  19 ,  Loss: 0.15349379181861877
--Estimation of V--
 Epoch = 0,  Loss: 0.0038119291
 Epoch = 50,  Loss: 0.004507647
 Epoch = 100,  Loss: 0.00429032
 Epoch = 150,  Loss: 0.0032316518
 Epoch = 200,  Loss: 0.0031498056
 Epoch = 250,  Loss: 0.0031489567
 Epoch = 299,  Loss: 0.0033735735
--Update of pi--
   Epoch =  0 ,  Loss: 0.1521294265985489
   Epoch =  19 ,  Loss: 0.1280011534690857
--Estimation of V--
 Epoch = 0,  Loss: 0.0033822032
 Epoch = 50,  Loss: 0.004028389
 Epoch = 100,  Loss: 0.0088318875
 Epoch = 150,  Loss: 0.026947036
 Epoch = 200,  Loss: 0.02325849
 Epoch = 250,  Loss: 0.005868233
 Epoch = 299,  Loss: 0.0060582464
--Update of pi--
   Epoch =  0 ,  Loss: 0.125472754240036
   Epoch =  19 ,  Loss: 0.07929489016532898
--Estimation of V--
 Epoch = 0,  Loss: 0.0060523557
 Epoch = 50,  Loss: 0.005804384
 Epoch = 100,  Loss: 0.005264911
 Epoch = 150,  Loss: 0.0049427734
 Epoch = 200,  Loss: 0.004721664
 Epoch = 250,  Loss: 0.004682213
 Epoch = 299,  Loss: 0.004700575
--Update of pi--
   Epoch =  0 ,  Loss: 0.0783434808254242
   Epoch =  19 ,  Loss: 0.059018783271312714
--Estimation of V--
 Epoch = 0,  Loss: 0.004703123
 Epoch = 50,  Loss: 0.0054075317
 Epoch = 100,  Loss: 0.0052534733
 Epoch = 150,  Loss: 0.0041503664
 Epoch = 200,  Loss: 0.0037241234
 Epoch = 250,  Loss: 0.0033843499
 Epoch = 299,  Loss: 0.003159558
--Update of pi--
   Epoch =  0 ,  Loss: 0.05849219858646393
   Epoch =  19 ,  Loss: 0.04956088960170746
--Estimation of V--
 Epoch = 0,  Loss: 0.0031571505
 Epoch = 50,  Loss: 0.0031530317
 Epoch = 100,  Loss: 0.0033418187
 Epoch = 150,  Loss: 0.003491093
 Epoch = 200,  Loss: 0.0036290844
 Epoch = 250,  Loss: 0.004142985
 Epoch = 299,  Loss: 0.0047925245
--Update of pi--
   Epoch =  0 ,  Loss: 0.051910609006881714
   Epoch =  19 ,  Loss: 0.09674602746963501
--Estimation of V--
 Epoch = 0,  Loss: 0.0048053144
 Epoch = 50,  Loss: 0.005268934
 Epoch = 100,  Loss: 0.004825282
 Epoch = 150,  Loss: 0.0076961755
 Epoch = 200,  Loss: 0.009568484
 Epoch = 250,  Loss: 0.0058879037
 Epoch = 299,  Loss: 0.0039842753
--Update of pi--
   Epoch =  0 ,  Loss: 0.09697676450014114
   Epoch =  19 ,  Loss: 0.10107652842998505
--Estimation of V--
 Epoch = 0,  Loss: 0.0040081
 Epoch = 50,  Loss: 0.005788498
 Epoch = 100,  Loss: 0.008987053
 Epoch = 150,  Loss: 0.009904183
 Epoch = 200,  Loss: 0.008091093
 Epoch = 250,  Loss: 0.0070708496
 Epoch = 299,  Loss: 0.0071919453
--Update of pi--
   Epoch =  0 ,  Loss: 0.10130488127470016
   Epoch =  19 ,  Loss: 0.10500244796276093
*** Epoch =  399 completed, Duration =  4761.843 secs ***
